remove_reason,platform,source_id,source_url,Name,Date,Likes,Comment,Comment URL,abuse_type
textless(emoji/punct only),YouTube,VwxxFGVBpOg,https://www.youtube.com/watch?v=VwxxFGVBpOg,@mostafizkhan1338,2026-04-12 05:03:23,0,😢😢,https://www.youtube.com/watch?v=VwxxFGVBpOg&lc=Ugz7MLxxkvMtrA1MLRd4AaABAg,Neglect
textless(emoji/punct only),YouTube,VwxxFGVBpOg,https://www.youtube.com/watch?v=VwxxFGVBpOg,@Islamicmessage-v2e1i,2026-04-12 05:03:55,0,😢😢😢😢,https://www.youtube.com/watch?v=VwxxFGVBpOg&lc=Ugxxa9lvV-jWewLVYyR4AaABAg,Neglect
textless(emoji/punct only),YouTube,VwxxFGVBpOg,https://www.youtube.com/watch?v=VwxxFGVBpOg,@atikreza2342,2026-04-12 05:03:55,0,😢😢😢😢,https://www.youtube.com/watch?v=VwxxFGVBpOg&lc=UgxvKpVP7vzVPdV_zip4AaABAg,Neglect
textless(emoji/punct only),YouTube,VwxxFGVBpOg,https://www.youtube.com/watch?v=VwxxFGVBpOg,@shamimarabegum8943,2026-05-15 05:03:23,0,😢😢😢😢,https://www.youtube.com/watch?v=VwxxFGVBpOg&lc=UgzCzPofkEzSA8E2JFN4AaABAg,Neglect
textless(emoji/punct only),YouTube,2OiQclQnHSk,https://www.youtube.com/watch?v=2OiQclQnHSk,@Maruf_Hosen,2025-06-12 05:17:34,0,😢,https://www.youtube.com/watch?v=2OiQclQnHSk&lc=UgwS-XbYOfX5ENM6fEl4AaABAg,Abandonment
textless(emoji/punct only),YouTube,2OiQclQnHSk,https://www.youtube.com/watch?v=2OiQclQnHSk,@JTCuteBaby,2025-06-12 05:17:34,0,😢😢😢😢😢,https://www.youtube.com/watch?v=2OiQclQnHSk&lc=UgzK2EkY3EL1Z8--oZt4AaABAg,Abandonment
textless(emoji/punct only),YouTube,2OiQclQnHSk,https://www.youtube.com/watch?v=2OiQclQnHSk,@ShilaIslam-xy5sq,2025-06-12 05:17:34,0,😭😭😭😭,https://www.youtube.com/watch?v=2OiQclQnHSk&lc=UgxEDvsFZ-6MBpdkXSR4AaABAg,Abandonment
textless(emoji/punct only),YouTube,2OiQclQnHSk,https://www.youtube.com/watch?v=2OiQclQnHSk,@BaBangl-y5e,2025-07-12 05:17:34,0,❤❤❤,https://www.youtube.com/watch?v=2OiQclQnHSk&lc=UgyFC_H8q5WpZFBzgl14AaABAg,Abandonment
textless(emoji/punct only),YouTube,2OiQclQnHSk,https://www.youtube.com/watch?v=2OiQclQnHSk,@ভালোবাসারবরিশাল,2025-09-12 05:17:34,0,😭😭😭,https://www.youtube.com/watch?v=2OiQclQnHSk&lc=Ugz2N465uRp1LgQobzl4AaABAg,Abandonment
textless(emoji/punct only),YouTube,2OiQclQnHSk,https://www.youtube.com/watch?v=2OiQclQnHSk,@RajibMir-b4m,2025-10-12 05:17:19,0,😢😢😢😢,https://www.youtube.com/watch?v=2OiQclQnHSk&lc=UgyC_uEgXgKyC5efWW54AaABAg,Abandonment
textless(emoji/punct only),YouTube,2OiQclQnHSk,https://www.youtube.com/watch?v=2OiQclQnHSk,@MdKhairul-bo8ug,2025-10-12 05:17:19,0,🤲🤲🤲🤲🤲🤲🤲🤲😢😢😢😢😢😢😢😢😢🇧🇩🇧🇩🇧🇩🇧🇩😢😢😢😢😢😢😢,https://www.youtube.com/watch?v=2OiQclQnHSk&lc=UgyIA_on-DE2mfBS4EJ4AaABAg,Abandonment
textless(emoji/punct only),YouTube,2OiQclQnHSk,https://www.youtube.com/watch?v=2OiQclQnHSk,@MdKhairul-bo8ug,2025-10-12 05:17:19,0,🤲🤲🤲🤲🤲🤲🤲🤲😪😪😪😪😪😪😪😪😪🤲🤲🤲🤲🤲🤲🤲🤲🤲🤲🤲,https://www.youtube.com/watch?v=2OiQclQnHSk&lc=Ugw_gbk5CaRN7KUUuSt4AaABAg,Abandonment
textless(emoji/punct only),YouTube,2OiQclQnHSk,https://www.youtube.com/watch?v=2OiQclQnHSk,@FarajanaAkter-y9q,2025-10-12 05:17:19,0,😢😢😢😢😢😢😢😢😢❤❤❤❤❤❤❤❤❤❤,https://www.youtube.com/watch?v=2OiQclQnHSk&lc=UgxGrmtoErXKKqFQvc14AaABAg,Abandonment
textless(emoji/punct only),YouTube,2OiQclQnHSk,https://www.youtube.com/watch?v=2OiQclQnHSk,@MdBabul-fy2zl,2025-10-12 05:17:19,0,😢😢😢😢,https://www.youtube.com/watch?v=2OiQclQnHSk&lc=Ugz0awF10YAn_SqWCW14AaABAg,Abandonment
textless(emoji/punct only),YouTube,2OiQclQnHSk,https://www.youtube.com/watch?v=2OiQclQnHSk,@RealCawChan,2025-10-12 05:17:19,0,😢😢,https://www.youtube.com/watch?v=2OiQclQnHSk&lc=UgwMGYvFWnhLQdCv0v14AaABAg,Abandonment
textless(emoji/punct only),YouTube,2OiQclQnHSk,https://www.youtube.com/watch?v=2OiQclQnHSk,@MonikaKhatun-m6n,2025-10-12 05:17:27,0,😢😢😢😢,https://www.youtube.com/watch?v=2OiQclQnHSk&lc=Ugz71lyv3mJHK8OsOzJ4AaABAg,Abandonment
spam,YouTube,2OiQclQnHSk,https://www.youtube.com/watch?v=2OiQclQnHSk,@Islamic--2.0-s1f,2025-10-12 05:17:27,0,the balance in favor of fair use.the balance in favor of fair use.the balance in favor of fair use.the balance in favor of fair use.the balance in favor of fair use.the balance in favor of fair use.the balance in favor of fair use.the balance in favor of fair use.the balance in favor of fair use.the balance in favor of fair use.the balance in favor of fair use.the balance in favor of fair use.the balance in favor of fair use.the balance in favor of fair use.the balance in favor of fair use.the balance in favor of fair use.the balance in favor of fair use.the balance in favor of fair use.the balance in favor of fair use.the balance in favor of fair use.the balance in favor of fair use.the balance in favor of fair use.the balance in favor of fair use.the balance in favor of fair use.the balance in favor of fair use.the balance in favor of fair use.the balance in favor of fair use.the balance in favor of fair use.the balance in favor of fair use.the balance in favor of fair use.the balance in favor of fair use.the balance in favor of fair use.the balance in favor of fair use.the balance in favor of fair use.the balance in favor of fair use.the balance in favor of fair use.the balance in favor of fair use.the balance in favor of fair use.the balance in favor of fair use.vthe balance in favor of fair use.the balance in favor of fair use.the balance in favor of fair usthe balance in favor of fair use.the balance in favor of fair use.the balance in favor of fair use.the balance in favor of fair use.vthe balance in favor of fair use.the balance in favor of fair use.v,https://www.youtube.com/watch?v=2OiQclQnHSk&lc=Ugy3e4dUNbdfsEPR-SZ4AaABAg,Abandonment
textless(emoji/punct only),YouTube,2OiQclQnHSk,https://www.youtube.com/watch?v=2OiQclQnHSk,@realjullyrealjully,2025-10-12 05:17:27,0,😢😢😢😢😢😢😢😢😢😢,https://www.youtube.com/watch?v=2OiQclQnHSk&lc=Ugx037rGQIo0kvdAXRp4AaABAg,Abandonment
textless(emoji/punct only),YouTube,2OiQclQnHSk,https://www.youtube.com/watch?v=2OiQclQnHSk,@AshadBapari8dtifygpiog,2025-10-12 05:17:27,1,😢😢😢😢❤❤❤❤❤❤,https://www.youtube.com/watch?v=2OiQclQnHSk&lc=UgyjP_7JTRuRncT7dwl4AaABAg,Abandonment
textless(emoji/punct only),YouTube,2OiQclQnHSk,https://www.youtube.com/watch?v=2OiQclQnHSk,@ImranHosen-yt8qx,2025-10-12 05:17:27,0,💔💔💔💔💔💔💔💔🥺🥺🥺🥺😭😭😭😭😭😭😭😭💘💘,https://www.youtube.com/watch?v=2OiQclQnHSk&lc=Ugy0lNWd_dXWXKsN0Vx4AaABAg,Abandonment
textless(emoji/punct only),YouTube,2OiQclQnHSk,https://www.youtube.com/watch?v=2OiQclQnHSk,@MDTOWHEDMIA,2025-10-12 05:17:27,0,😢😢😢😢😢,https://www.youtube.com/watch?v=2OiQclQnHSk&lc=Ugxx_rYYgJpwHHpHxOZ4AaABAg,Abandonment
textless(emoji/punct only),YouTube,2OiQclQnHSk,https://www.youtube.com/watch?v=2OiQclQnHSk,@JonaitMahin,2025-11-12 05:17:13,0,🌹🌹🌹💐💐💐🥀🥀🥀🥀🥀🥀🥀🥀🥀💓💓💓🐓🐓🐓🐓🐓🐓🐓🐓🐓🐓🐓🐔🐔🐔🐓🐓☘️☘️🌹☘️☘️☘️☘️☘️☘️☘️☘️☘️☘️☘️☘️☘️☘️☘️☘️☘️☘️☘️☘️☘️☘️☘️☘️☘️☘️☘️☘️,https://www.youtube.com/watch?v=2OiQclQnHSk&lc=UgwHk4Y5Ohrf0EA0WX94AaABAg,Abandonment
textless(emoji/punct only),YouTube,2OiQclQnHSk,https://www.youtube.com/watch?v=2OiQclQnHSk,@ShilpiAkter-x4n,2026-01-12 05:17:05,0,❤❤🤲🤲🤲🤲🤲🤲🤲,https://www.youtube.com/watch?v=2OiQclQnHSk&lc=UgxxaCjDZrLhGQTHks14AaABAg,Abandonment
textless(emoji/punct only),YouTube,KrYb92UD_qE,https://www.youtube.com/watch?v=KrYb92UD_qE,@Tasin.parvej,2026-04-12 05:20:45,0,😢😢😢😢😢,https://www.youtube.com/watch?v=KrYb92UD_qE&lc=Ugziab4PaLhv05JMr_14AaABAg,Neglect
exact_duplicate,YouTube,KrYb92UD_qE,https://www.youtube.com/watch?v=KrYb92UD_qE,@MdalifAhmed-b4x,2026-04-12 05:21:09,1,যেমন কর্ম তেমন ফল,https://www.youtube.com/watch?v=KrYb92UD_qE&lc=Ugz1ojHODCohsMODV_J4AaABAg,Neglect
too_short(<=2 chars),YouTube,KrYb92UD_qE,https://www.youtube.com/watch?v=KrYb92UD_qE,@SamiaAkter-b9l8z,2026-04-12 05:21:09,0,জ,https://www.youtube.com/watch?v=KrYb92UD_qE&lc=Ugx0HPP5XrIMY5NEmmJ4AaABAg,Neglect
textless(emoji/punct only),YouTube,n7biafNBlmE,https://www.youtube.com/watch?v=n7biafNBlmE,@souloftravelling,2026-04-12 05:24:51,0,😢😢😢😢😢,https://www.youtube.com/watch?v=n7biafNBlmE&lc=Ugy5acq5pM4ugEmrVmV4AaABAg,Neglect
textless(emoji/punct only),YouTube,n7biafNBlmE,https://www.youtube.com/watch?v=n7biafNBlmE,@kamruzzamanshemul514,2026-04-12 05:25:09,0,❤❤❤❤,https://www.youtube.com/watch?v=n7biafNBlmE&lc=UgymNVQfPUUsTGL1Ay94AaABAg,Neglect
textless(emoji/punct only),YouTube,Ct3O8c2kpLY,https://www.youtube.com/watch?v=Ct3O8c2kpLY,@SikderBalal,2026-03-12 05:27:45,0,😢,https://www.youtube.com/watch?v=Ct3O8c2kpLY&lc=UgxiRFlp4w5cXMGbC1B4AaABAg,Verbal Abuse
textless(emoji/punct only),YouTube,Ct3O8c2kpLY,https://www.youtube.com/watch?v=Ct3O8c2kpLY,@SaifulIslam-zu2ul,2026-04-12 05:27:21,0,😢😢😢😢😢😢,https://www.youtube.com/watch?v=Ct3O8c2kpLY&lc=UgzptMeqsAM9ipXYSe14AaABAg,Verbal Abuse
textless(emoji/punct only),YouTube,Ct3O8c2kpLY,https://www.youtube.com/watch?v=Ct3O8c2kpLY,@mohammadalmamun8578,2026-04-12 05:27:37,0,😢😢😢😢😢,https://www.youtube.com/watch?v=Ct3O8c2kpLY&lc=UgzxASVffOw2_yq7yuF4AaABAg,Verbal Abuse
textless(emoji/punct only),YouTube,Ct3O8c2kpLY,https://www.youtube.com/watch?v=Ct3O8c2kpLY,@MdlimonJfdgjufv,2026-04-12 05:27:45,0,😢😢😢😢,https://www.youtube.com/watch?v=Ct3O8c2kpLY&lc=Ugw9kBK6Qs43fZ3N3sB4AaABAg,Verbal Abuse
textless(emoji/punct only),YouTube,EFcZETgq1Fs,https://www.youtube.com/watch?v=EFcZETgq1Fs,@RuhinSadaf-x3h,2026-04-12 05:31:36,0,❤❤😢😢😢,https://www.youtube.com/watch?v=EFcZETgq1Fs&lc=UgyZ8hvJkekj-6NfvWh4AaABAg,Neglect
textless(emoji/punct only),YouTube,EFcZETgq1Fs,https://www.youtube.com/watch?v=EFcZETgq1Fs,@SriBablu-k8q,2026-04-12 05:31:36,0,😢,https://www.youtube.com/watch?v=EFcZETgq1Fs&lc=UgwYJuwlZkjFrNbSIXB4AaABAg,Neglect
textless(emoji/punct only),YouTube,EFcZETgq1Fs,https://www.youtube.com/watch?v=EFcZETgq1Fs,@KorsedSarkar,2026-04-12 05:31:36,0,😂😂,https://www.youtube.com/watch?v=EFcZETgq1Fs&lc=Ugx-cRUHAbcRP3fFDoF4AaABAg,Neglect
textless(emoji/punct only),YouTube,EFcZETgq1Fs,https://www.youtube.com/watch?v=EFcZETgq1Fs,@mdHarun-v1n,2026-04-12 05:31:40,0,😢😢😢😢😢😢,https://www.youtube.com/watch?v=EFcZETgq1Fs&lc=UgyWNFIsh4OCOK3hxm14AaABAg,Neglect
textless(emoji/punct only),YouTube,EFcZETgq1Fs,https://www.youtube.com/watch?v=EFcZETgq1Fs,@SahabuddinsahaShaha,2026-05-12 05:31:24,0,😭😭😭😭😭😭😭😭😭😭😭😭😭😭,https://www.youtube.com/watch?v=EFcZETgq1Fs&lc=Ugy3jOa1sa5VSwY_qPZ4AaABAg,Neglect
textless(emoji/punct only),YouTube,EFcZETgq1Fs,https://www.youtube.com/watch?v=EFcZETgq1Fs,@JahangirAlam-z2r4y,2026-05-12 05:31:24,0,❤❤❤❤🤲🤲🤲,https://www.youtube.com/watch?v=EFcZETgq1Fs&lc=UgzArAGH8Rd4rSu4AjF4AaABAg,Neglect
textless(emoji/punct only),YouTube,EFcZETgq1Fs,https://www.youtube.com/watch?v=EFcZETgq1Fs,@MdBillal-n4c,2026-05-12 05:31:28,0,😂😂😂😂,https://www.youtube.com/watch?v=EFcZETgq1Fs&lc=UgxSLqfjDGfxXOt-bjZ4AaABAg,Neglect
textless(emoji/punct only),YouTube,EFcZETgq1Fs,https://www.youtube.com/watch?v=EFcZETgq1Fs,@MdRasel-m7p8b,2026-05-12 05:31:28,0,😭😭😭😭😭😭😭🤲🤲🤲🤲,https://www.youtube.com/watch?v=EFcZETgq1Fs&lc=UgxAU6Fa0NDZ8Q2yUhN4AaABAg,Neglect
textless(emoji/punct only),YouTube,EFcZETgq1Fs,https://www.youtube.com/watch?v=EFcZETgq1Fs,@DoyalBaba-n1e,2026-05-12 05:31:28,0,😭🤲,https://www.youtube.com/watch?v=EFcZETgq1Fs&lc=UgwVXmH6Fd1c877TU4J4AaABAg,Neglect
textless(emoji/punct only),YouTube,EFcZETgq1Fs,https://www.youtube.com/watch?v=EFcZETgq1Fs,@MotairIslam-m6e,2026-05-12 05:31:28,0,😢,https://www.youtube.com/watch?v=EFcZETgq1Fs&lc=UgycoDA7TxwfIXiGLRx4AaABAg,Neglect
textless(emoji/punct only),YouTube,EFcZETgq1Fs,https://www.youtube.com/watch?v=EFcZETgq1Fs,@RajuMolla-r2u,2026-05-12 05:31:28,0,❤❤❤❤❤,https://www.youtube.com/watch?v=EFcZETgq1Fs&lc=UgyVUOmOxx25UrH3ueZ4AaABAg,Neglect
textless(emoji/punct only),YouTube,EFcZETgq1Fs,https://www.youtube.com/watch?v=EFcZETgq1Fs,@RajuMolla-s6m,2026-05-12 05:31:28,0,😭😭,https://www.youtube.com/watch?v=EFcZETgq1Fs&lc=UgydyQPkoE9JgQ2_0h54AaABAg,Neglect
textless(emoji/punct only),YouTube,EFcZETgq1Fs,https://www.youtube.com/watch?v=EFcZETgq1Fs,@SalamAhmed-r2k,2026-05-12 05:31:28,0,😢😢😢😢😢😢,https://www.youtube.com/watch?v=EFcZETgq1Fs&lc=Ugy-kLq643awuxPl1SF4AaABAg,Neglect
textless(emoji/punct only),YouTube,EFcZETgq1Fs,https://www.youtube.com/watch?v=EFcZETgq1Fs,@MdRaju7-y8o,2026-05-15 05:31:24,0,😢😢,https://www.youtube.com/watch?v=EFcZETgq1Fs&lc=Ugyw549JE70o306JlNZ4AaABAg,Neglect
textless(emoji/punct only),YouTube,EFcZETgq1Fs,https://www.youtube.com/watch?v=EFcZETgq1Fs,@EasminAktar-k3t,2026-05-29 05:31:21,0,😂😂😂😡😡😡,https://www.youtube.com/watch?v=EFcZETgq1Fs&lc=UgwLLS6HcXckMyDA0RJ4AaABAg,Neglect
textless(emoji/punct only),YouTube,EFcZETgq1Fs,https://www.youtube.com/watch?v=EFcZETgq1Fs,@SadiKarogi-i2j,2026-06-09 05:31:21,0,😂😂😂😂😂😂😂❤❤❤❤❤,https://www.youtube.com/watch?v=EFcZETgq1Fs&lc=UgxVUjLjVZah5tsRLuV4AaABAg,Neglect
textless(emoji/punct only),YouTube,EFcZETgq1Fs,https://www.youtube.com/watch?v=EFcZETgq1Fs,@0pimehaOpimeha,2026-06-12 00:31:21,0,😭😭😭😭😭😭😭😭😭😭😭😭😭😭😭😭😭😭😭😭😭😭,https://www.youtube.com/watch?v=EFcZETgq1Fs&lc=UgyhF5whhGXmu2oQBwV4AaABAg,Neglect
textless(emoji/punct only),YouTube,S9yYT2L4O8E,https://www.youtube.com/watch?v=S9yYT2L4O8E,@MdKaderGhazi-u9f,2026-04-12 05:35:15,0,❤❤❤❤❤❤,https://www.youtube.com/watch?v=S9yYT2L4O8E&lc=UgyjuVwtOh8Z5_APyfB4AaABAg,Verbal Abuse
textless(emoji/punct only),YouTube,S9yYT2L4O8E,https://www.youtube.com/watch?v=S9yYT2L4O8E,@MdNayeem-d8w,2026-04-12 05:35:15,0,😢😢😢😢,https://www.youtube.com/watch?v=S9yYT2L4O8E&lc=UgzoXiX8mGnq0SIC8Gp4AaABAg,Verbal Abuse
exact_duplicate,YouTube,PiiqQanYdUg,https://www.youtube.com/watch?v=PiiqQanYdUg,@md.moniruddin9186,2026-06-11 05:44:12,0,প্রকৃত দ্বীনি শিক্ষা না থাকলে ভবিষ্যৎ প্রজন্ম অন্ধকার। ইয়া আল্লাহ তুমি এমন সন্তান দান করো যাতে দুনিয়াতে শান্তি এবং আখেরাতে মুক্তি পেতে  পারি।আল্লাহ তুমি আমার ও আমার সন্তানের প্রতি রহমত দান করুন-আমিন।,https://www.youtube.com/watch?v=PiiqQanYdUg&lc=Ugxhi9gAziycn1Pe0jh4AaABAg,Abandonment
textless(emoji/punct only),YouTube,txaHpM1u8SQ,https://www.youtube.com/watch?v=txaHpM1u8SQ,@fatimaakther7639,2024-06-12 05:47:46,0,❤❤❤❤❤🇧🇩🇧🇩🇧🇩🤲🤲🤲🇧🇩🇧🇩,https://www.youtube.com/watch?v=txaHpM1u8SQ&lc=UgydxoQKn8-2cYRN_XZ4AaABAg,Physical Abuse
textless(emoji/punct only),YouTube,txaHpM1u8SQ,https://www.youtube.com/watch?v=txaHpM1u8SQ,@Lamia-m2i,2024-06-12 05:47:46,0,😢😰🥺😩😥😭😭😭😭😭😭,https://www.youtube.com/watch?v=txaHpM1u8SQ&lc=UgxehkppYNDx2uuINex4AaABAg,Physical Abuse
textless(emoji/punct only),YouTube,txaHpM1u8SQ,https://www.youtube.com/watch?v=txaHpM1u8SQ,@ShahidaaktherakhiShahidaakther,2024-06-12 05:47:46,0,😢😢,https://www.youtube.com/watch?v=txaHpM1u8SQ&lc=UgwePI3fck2KWAhun-t4AaABAg,Physical Abuse
textless(emoji/punct only),YouTube,txaHpM1u8SQ,https://www.youtube.com/watch?v=txaHpM1u8SQ,@AhasanUllah-c3n,2024-06-12 05:47:50,0,😢😢😢,https://www.youtube.com/watch?v=txaHpM1u8SQ&lc=UgxyGZskAWP5CohZgAt4AaABAg,Physical Abuse
textless(emoji/punct only),YouTube,txaHpM1u8SQ,https://www.youtube.com/watch?v=txaHpM1u8SQ,@Alaudin-b3h,2025-11-12 05:47:30,0,😂😂😂😂😂,https://www.youtube.com/watch?v=txaHpM1u8SQ&lc=UgwsdYgtMGtF5JPQSLV4AaABAg,Physical Abuse
textless(emoji/punct only),YouTube,si1yxf6JDr4,https://www.youtube.com/watch?v=si1yxf6JDr4,@MDSiam-pb1zt,2024-06-12 05:50:07,0,😢😢😢😢😢😢😢😢,https://www.youtube.com/watch?v=si1yxf6JDr4&lc=UgwTEqSrajpICShniOR4AaABAg,Physical Abuse
textless(emoji/punct only),YouTube,si1yxf6JDr4,https://www.youtube.com/watch?v=si1yxf6JDr4,@Dadi1-vf6uj,2024-06-12 05:50:13,0,😊,https://www.youtube.com/watch?v=si1yxf6JDr4&lc=UgxxCdkoOQ3twEUXAvN4AaABAg,Physical Abuse
too_short(<=2 chars),YouTube,si1yxf6JDr4,https://www.youtube.com/watch?v=si1yxf6JDr4,@mahim8852,2024-06-12 05:50:20,0,আহ,https://www.youtube.com/watch?v=si1yxf6JDr4&lc=UgxOE_4z4ogaMY48S954AaABAg,Physical Abuse
exact_duplicate,YouTube,si1yxf6JDr4,https://www.youtube.com/watch?v=si1yxf6JDr4,@UazzalChowdhuri,2024-06-12 05:50:20,1,আমিন,https://www.youtube.com/watch?v=si1yxf6JDr4&lc=UgxbeLRJ_Kjgrc5oWpl4AaABAg,Physical Abuse
textless(emoji/punct only),YouTube,si1yxf6JDr4,https://www.youtube.com/watch?v=si1yxf6JDr4,@mdhabib-dq1fb,2024-06-12 05:50:20,0,😢😢😢,https://www.youtube.com/watch?v=si1yxf6JDr4&lc=UgzRZVKVZ8ymvANfuU54AaABAg,Physical Abuse
too_short(<=2 chars),YouTube,si1yxf6JDr4,https://www.youtube.com/watch?v=si1yxf6JDr4,@mdmosiurrahman5738,2024-06-12 05:50:20,0,এ,https://www.youtube.com/watch?v=si1yxf6JDr4&lc=UgyLqR8rfpLQNqhqucl4AaABAg,Physical Abuse
textless(emoji/punct only),YouTube,si1yxf6JDr4,https://www.youtube.com/watch?v=si1yxf6JDr4,@MahmudSultan-kk7pb,2024-06-12 05:50:26,0,😂,https://www.youtube.com/watch?v=si1yxf6JDr4&lc=UgzVq4SeFXEASeiT7s54AaABAg,Physical Abuse
textless(emoji/punct only),YouTube,si1yxf6JDr4,https://www.youtube.com/watch?v=si1yxf6JDr4,@mdmasudrana3989,2024-06-12 05:50:26,0,😭😭😭,https://www.youtube.com/watch?v=si1yxf6JDr4&lc=Ugwf9QI00ZKYGWYdoet4AaABAg,Physical Abuse
textless(emoji/punct only),YouTube,si1yxf6JDr4,https://www.youtube.com/watch?v=si1yxf6JDr4,@MdBabu-km7or,2024-06-12 05:50:26,0,😂,https://www.youtube.com/watch?v=si1yxf6JDr4&lc=UgzKvRhD4-5cQnV-hhR4AaABAg,Physical Abuse
textless(emoji/punct only),YouTube,si1yxf6JDr4,https://www.youtube.com/watch?v=si1yxf6JDr4,@shohelrana7400,2024-06-12 05:50:34,0,❤️❤️❤️,https://www.youtube.com/watch?v=si1yxf6JDr4&lc=UgwBap9sWdzKtck7OeB4AaABAg,Physical Abuse
textless(emoji/punct only),YouTube,si1yxf6JDr4,https://www.youtube.com/watch?v=si1yxf6JDr4,@HumairaTasnim-g6i,2025-07-12 05:50:07,0,😊,https://www.youtube.com/watch?v=si1yxf6JDr4&lc=Ugz7Pw_CZe7ovnPgcQJ4AaABAg,Physical Abuse
too_short(<=2 chars),YouTube,mUaZ8AbMYes,https://www.youtube.com/watch?v=mUaZ8AbMYes,@mdsarif8894,2024-06-12 05:54:49,0,Ok,https://www.youtube.com/watch?v=mUaZ8AbMYes&lc=UgxJKZK_CBkHh75NsPJ4AaABAg,Abandonment
textless(emoji/punct only),YouTube,mUaZ8AbMYes,https://www.youtube.com/watch?v=mUaZ8AbMYes,@JakirHosen-f6o,2025-06-12 05:54:31,0,🙏🤲🤲😭,https://www.youtube.com/watch?v=mUaZ8AbMYes&lc=UgxsWeblYg0TQZUnti14AaABAg,Abandonment
textless(emoji/punct only),YouTube,17ryXC9XEyQ,https://www.youtube.com/watch?v=17ryXC9XEyQ,@imtiyazMahmud-z1v,2026-06-06 06:05:04,0,❤❤❤❤,https://www.youtube.com/watch?v=17ryXC9XEyQ&lc=UgxlrhwnQjyA4H6Rqnd4AaABAg,Neglect
textless(emoji/punct only),YouTube,17ryXC9XEyQ,https://www.youtube.com/watch?v=17ryXC9XEyQ,@MdRahat-u1g,2026-06-07 06:05:04,0,😢😢😢,https://www.youtube.com/watch?v=17ryXC9XEyQ&lc=Ugxz5MiihfPq0Kn8Vcl4AaABAg,Neglect
textless(emoji/punct only),YouTube,17ryXC9XEyQ,https://www.youtube.com/watch?v=17ryXC9XEyQ,@ChoyonKumar-cs7zl,2026-06-11 06:04:41,0,😢😢😢😢😢😢,https://www.youtube.com/watch?v=17ryXC9XEyQ&lc=Ugzb29vkobRMojDnvHt4AaABAg,Neglect
textless(emoji/punct only),YouTube,87WXl5x0tqk,https://www.youtube.com/watch?v=87WXl5x0tqk,@ManeshInfinix,2024-06-12 06:59:36,0,😂😂😂😂😂😂,https://www.youtube.com/watch?v=87WXl5x0tqk&lc=UgzlYh6DbqGJTL0g5LZ4AaABAg,Abandonment
textless(emoji/punct only),YouTube,87WXl5x0tqk,https://www.youtube.com/watch?v=87WXl5x0tqk,@jahidmondol6057,2024-06-12 06:59:36,0,😂😂😂😂😂,https://www.youtube.com/watch?v=87WXl5x0tqk&lc=Ugwz-mN1erwqdJXFhC94AaABAg,Abandonment
textless(emoji/punct only),YouTube,87WXl5x0tqk,https://www.youtube.com/watch?v=87WXl5x0tqk,@hridoykhan5833,2024-06-12 06:59:36,0,😭😭😭,https://www.youtube.com/watch?v=87WXl5x0tqk&lc=UgztyhTLAiKhwzoRuJh4AaABAg,Abandonment
exact_duplicate,YouTube,87WXl5x0tqk,https://www.youtube.com/watch?v=87WXl5x0tqk,@Nasvia_Nafi,2024-06-12 06:59:36,0,আমি ওনার দাইত্ব নিব প্লিজ আমাকে সাহায্য করুন,https://www.youtube.com/watch?v=87WXl5x0tqk&lc=UgzBf9hZFpXlnbAQQcN4AaABAg,Abandonment
textless(emoji/punct only),YouTube,87WXl5x0tqk,https://www.youtube.com/watch?v=87WXl5x0tqk,@shamlalbiswas3919,2024-06-12 06:59:44,0,😢,https://www.youtube.com/watch?v=87WXl5x0tqk&lc=UgwkVJHHWbQYKR1PXCl4AaABAg,Abandonment
textless(emoji/punct only),YouTube,87WXl5x0tqk,https://www.youtube.com/watch?v=87WXl5x0tqk,@mdhossen9836,2024-06-12 06:59:44,0,😭😭😭😭,https://www.youtube.com/watch?v=87WXl5x0tqk&lc=UgwNF7rPFoS1Tf4qA3x4AaABAg,Abandonment
textless(emoji/punct only),YouTube,87WXl5x0tqk,https://www.youtube.com/watch?v=87WXl5x0tqk,@Sandy-tw8ru,2025-06-12 06:59:30,0,😢,https://www.youtube.com/watch?v=87WXl5x0tqk&lc=Ugz8FRIox-2OjkPg1JJ4AaABAg,Abandonment
textless(emoji/punct only),YouTube,87WXl5x0tqk,https://www.youtube.com/watch?v=87WXl5x0tqk,@MiftahulJannat-m9j,2025-06-12 06:59:30,0,😢😢😢,https://www.youtube.com/watch?v=87WXl5x0tqk&lc=UgzD3i1Rw2i6_t4mFHt4AaABAg,Abandonment
textless(emoji/punct only),YouTube,87WXl5x0tqk,https://www.youtube.com/watch?v=87WXl5x0tqk,@mdazizulislam7665,2025-12-12 06:59:23,0,🥲🥲🥲,https://www.youtube.com/watch?v=87WXl5x0tqk&lc=UgyCBqM-R3VUGsX0X394AaABAg,Abandonment
textless(emoji/punct only),YouTube,87WXl5x0tqk,https://www.youtube.com/watch?v=87WXl5x0tqk,@mostafakamal7532,2026-03-12 06:59:15,0,😢,https://www.youtube.com/watch?v=87WXl5x0tqk&lc=Ugz1G8lda0c4pixN2jd4AaABAg,Abandonment
textless(emoji/punct only),YouTube,87WXl5x0tqk,https://www.youtube.com/watch?v=87WXl5x0tqk,@moriomNazmul9881,2026-04-12 06:59:15,0,😢,https://www.youtube.com/watch?v=87WXl5x0tqk&lc=Ugxrffn2aOLbYfdaPDt4AaABAg,Abandonment
textless(emoji/punct only),YouTube,87WXl5x0tqk,https://www.youtube.com/watch?v=87WXl5x0tqk,@MDDadon-f7g,2026-05-12 06:59:15,1,🕯️🇧🇩🕯️🟦🕯️🌂🕯️🗺️🕯️🏁🕯️🕋🕯️🟩🕯️🇧🇩🕯️❤🕯️🎉🕯️🇧🇩🕯️,https://www.youtube.com/watch?v=87WXl5x0tqk&lc=Ugxb2zHEZaBHd9hjAyZ4AaABAg,Abandonment
textless(emoji/punct only),YouTube,hgggVNTFYx4,https://www.youtube.com/watch?v=hgggVNTFYx4,@MdKalam-qw4ok,2026-04-12 07:01:54,0,😢😢😢😢,https://www.youtube.com/watch?v=hgggVNTFYx4&lc=UgwSAxDf2yVFwFj4ooZ4AaABAg,Abandonment
textless(emoji/punct only),YouTube,hgggVNTFYx4,https://www.youtube.com/watch?v=hgggVNTFYx4,@QABDULPEACE,2026-04-12 07:02:02,0,😂😂😂😂😂,https://www.youtube.com/watch?v=hgggVNTFYx4&lc=UgxRGZd3QAZ7dpecJTp4AaABAg,Abandonment
textless(emoji/punct only),YouTube,hgggVNTFYx4,https://www.youtube.com/watch?v=hgggVNTFYx4,@MdTarek-l2i,2026-04-12 07:02:02,0,🤲🤲🤲🤔🤔🤔,https://www.youtube.com/watch?v=hgggVNTFYx4&lc=Ugy7TtnbHAZrY0WDSJl4AaABAg,Abandonment
textless(emoji/punct only),YouTube,hgggVNTFYx4,https://www.youtube.com/watch?v=hgggVNTFYx4,@MdTarek-l2i,2026-04-12 07:02:06,0,😭👏🤣🤣,https://www.youtube.com/watch?v=hgggVNTFYx4&lc=UgzDTh3kQSndkgxlk3R4AaABAg,Abandonment
textless(emoji/punct only),YouTube,hgggVNTFYx4,https://www.youtube.com/watch?v=hgggVNTFYx4,@sangbadhik,2026-04-12 07:02:13,0,🎉,https://www.youtube.com/watch?v=hgggVNTFYx4&lc=Ugw8HyHjziRD1E-fDdd4AaABAg,Abandonment
textless(emoji/punct only),YouTube,hgggVNTFYx4,https://www.youtube.com/watch?v=hgggVNTFYx4,@SabbirIslam-p7q,2026-04-12 07:02:13,0,😂🤣😂🤣🤣,https://www.youtube.com/watch?v=hgggVNTFYx4&lc=Ugwt-Fj-v-753i6mvb14AaABAg,Abandonment
textless(emoji/punct only),YouTube,hgggVNTFYx4,https://www.youtube.com/watch?v=hgggVNTFYx4,@MdmahfugSheik,2026-04-12 07:02:20,0,😂😂😂😂😂🤲😂😂😂😂,https://www.youtube.com/watch?v=hgggVNTFYx4&lc=UgzH2yMOo4gKTdoOO2N4AaABAg,Abandonment
textless(emoji/punct only),YouTube,hgggVNTFYx4,https://www.youtube.com/watch?v=hgggVNTFYx4,@mrkrobel566,2026-05-12 07:01:54,0,😢😢😢😢,https://www.youtube.com/watch?v=hgggVNTFYx4&lc=UgyxSNf2PWueYN_6jiF4AaABAg,Abandonment
textless(emoji/punct only),YouTube,0XeRaKnU37E,https://www.youtube.com/watch?v=0XeRaKnU37E,@dewanmd.mojiborrahmansumon7615,2026-03-12 07:04:48,1,😢😢😢,https://www.youtube.com/watch?v=0XeRaKnU37E&lc=Ugw7Ma7ajEJ3EX9B7N14AaABAg,Neglect
exact_duplicate,YouTube,0XeRaKnU37E,https://www.youtube.com/watch?v=0XeRaKnU37E,@SohanaAktar-xv1hy,2026-04-12 07:04:45,0,বিচার চাই,https://www.youtube.com/watch?v=0XeRaKnU37E&lc=UgwTrh1M5QFAusF6UPR4AaABAg,Neglect
textless(emoji/punct only),YouTube,0XeRaKnU37E,https://www.youtube.com/watch?v=0XeRaKnU37E,@MdEmon-s6b4w,2026-05-12 07:04:27,0,😢,https://www.youtube.com/watch?v=0XeRaKnU37E&lc=UgyYnEX1afjswoiaWEZ4AaABAg,Neglect
textless(emoji/punct only),YouTube,0XeRaKnU37E,https://www.youtube.com/watch?v=0XeRaKnU37E,@RafiAhmed-ee5jt,2026-05-12 07:04:33,0,😭😭😭😭😭😭😭😭😭😭😭😭😭😭😭😭😭😭😭😭😭😭😭😭😭😭😭😭😭😭😭😭😭😭😭😭😭😭😭😭😭😭😭😭😭😭😭😭😭😭😭🥺🥺🥺🥺🥺🥺🥺😭😭😭😭😭😭,https://www.youtube.com/watch?v=0XeRaKnU37E&lc=UgwGDf0j_Gfhn5tNMNB4AaABAg,Neglect
textless(emoji/punct only),YouTube,0XeRaKnU37E,https://www.youtube.com/watch?v=0XeRaKnU37E,@rashidaakter6294,2026-05-12 07:04:33,0,😢😢😢😢😢,https://www.youtube.com/watch?v=0XeRaKnU37E&lc=UgwZZExQqlOF7JaaDoR4AaABAg,Neglect
textless(emoji/punct only),YouTube,0XeRaKnU37E,https://www.youtube.com/watch?v=0XeRaKnU37E,@RimaSethy,2026-05-12 07:04:33,0,😢😢,https://www.youtube.com/watch?v=0XeRaKnU37E&lc=UgzdLKwG9WrGkT3m_Zh4AaABAg,Neglect
textless(emoji/punct only),YouTube,0XeRaKnU37E,https://www.youtube.com/watch?v=0XeRaKnU37E,@MdTarek-l2i,2026-05-12 07:04:33,0,😂🤔🤔😭,https://www.youtube.com/watch?v=0XeRaKnU37E&lc=Ugy6yadRhZ7P2NQ4LK94AaABAg,Neglect
textless(emoji/punct only),YouTube,0XeRaKnU37E,https://www.youtube.com/watch?v=0XeRaKnU37E,@Maruf-i7k9y,2026-05-12 07:04:36,0,12:42,https://www.youtube.com/watch?v=0XeRaKnU37E&lc=UgyEOWPoBs_ihO32CD14AaABAg,Neglect
textless(emoji/punct only),YouTube,0XeRaKnU37E,https://www.youtube.com/watch?v=0XeRaKnU37E,@Maruf-i7k9y,2026-05-12 07:04:36,0,11:13,https://www.youtube.com/watch?v=0XeRaKnU37E&lc=UgzQLXGCgWHaXGCrapJ4AaABAg,Neglect
textless(emoji/punct only),YouTube,0XeRaKnU37E,https://www.youtube.com/watch?v=0XeRaKnU37E,@Maruf-i7k9y,2026-05-12 07:04:36,0,10:41,https://www.youtube.com/watch?v=0XeRaKnU37E&lc=UgyoipIB5nbcAHc6Rrl4AaABAg,Neglect
textless(emoji/punct only),YouTube,0XeRaKnU37E,https://www.youtube.com/watch?v=0XeRaKnU37E,@Maruf-i7k9y,2026-05-12 07:04:36,0,10:26,https://www.youtube.com/watch?v=0XeRaKnU37E&lc=UgwSs1Y10RHq6lzgUpZ4AaABAg,Neglect
textless(emoji/punct only),YouTube,0XeRaKnU37E,https://www.youtube.com/watch?v=0XeRaKnU37E,@Maruf-i7k9y,2026-05-12 07:04:36,0,09:50,https://www.youtube.com/watch?v=0XeRaKnU37E&lc=UgyodZl3im6bu83UQbd4AaABAg,Neglect
textless(emoji/punct only),YouTube,0XeRaKnU37E,https://www.youtube.com/watch?v=0XeRaKnU37E,@AnarulIslam-p7p,2026-05-12 07:04:36,0,😭😭😭😭😭😭😭😭,https://www.youtube.com/watch?v=0XeRaKnU37E&lc=UgxJBahlD4RYrFh0ggl4AaABAg,Neglect
textless(emoji/punct only),YouTube,0XeRaKnU37E,https://www.youtube.com/watch?v=0XeRaKnU37E,@mdabuhanif2031,2026-06-06 07:04:27,0,❤,https://www.youtube.com/watch?v=0XeRaKnU37E&lc=Ugz_rYpxUF-Cj0VNBzd4AaABAg,Neglect
textless(emoji/punct only),YouTube,bpQBrZgrlKc,https://www.youtube.com/watch?v=bpQBrZgrlKc,@abumasud9485,2026-04-12 07:20:03,0,😢😢,https://www.youtube.com/watch?v=bpQBrZgrlKc&lc=UgxWJVf11I1sqNSAd8Z4AaABAg,Verbal Abuse
too_short(<=2 chars),YouTube,bpQBrZgrlKc,https://www.youtube.com/watch?v=bpQBrZgrlKc,@AbdurRazzak-sn8iu,2026-04-12 07:20:22,0,ছি,https://www.youtube.com/watch?v=bpQBrZgrlKc&lc=UgwB3-IJeERrfB3wNvh4AaABAg,Verbal Abuse
textless(emoji/punct only),YouTube,bpQBrZgrlKc,https://www.youtube.com/watch?v=bpQBrZgrlKc,@abdulSolim-c9u,2026-04-12 07:20:28,0,😂,https://www.youtube.com/watch?v=bpQBrZgrlKc&lc=Ugz0pwaD_KrehMQbY2N4AaABAg,Verbal Abuse
textless(emoji/punct only),YouTube,BWBvLSB1qGE,https://www.youtube.com/watch?v=BWBvLSB1qGE,@NaogaonServiceCenterMILIL,2025-10-12 07:22:14,0,🥲🥲🥲🥲🥲,https://www.youtube.com/watch?v=BWBvLSB1qGE&lc=UgzIgKoMtH3xLcsMrix4AaABAg,Abandonment
textless(emoji/punct only),YouTube,BWBvLSB1qGE,https://www.youtube.com/watch?v=BWBvLSB1qGE,@MariyaShaikh-w7c,2025-10-12 07:22:21,0,😢😢😢😢,https://www.youtube.com/watch?v=BWBvLSB1qGE&lc=UgxtvssW3jmwKXZ_4kZ4AaABAg,Abandonment
textless(emoji/punct only),YouTube,BWBvLSB1qGE,https://www.youtube.com/watch?v=BWBvLSB1qGE,@FoysalAhmed-b4q,2025-10-12 07:22:21,0,💔😭,https://www.youtube.com/watch?v=BWBvLSB1qGE&lc=UgwSUvuVbW1pTKn2WbN4AaABAg,Abandonment
exact_duplicate,YouTube,BWBvLSB1qGE,https://www.youtube.com/watch?v=BWBvLSB1qGE,@ShahidulIslam-se5jp,2025-10-12 07:22:38,0,হায় রে কুলাঙ্গার ছেলে ও মেয়ে থাকতে ও বৃদ্ধ বাবাকে বৃদ্ধা আচরমে পাঠায়...... আল্লাহ এই ছেলে ও মেয়ে কে এমন পরিনত কোরো......এদের যেন ভিক্ষা করে খেতে হয়😂😂😂😂😂😂,https://www.youtube.com/watch?v=BWBvLSB1qGE&lc=UgyIopEgXoCGr_IZ-2l4AaABAg,Abandonment
exact_duplicate,YouTube,adXozSYaGN0,https://www.youtube.com/watch?v=adXozSYaGN0,@muradhossain9957,2026-04-12 07:24:44,0,এই বাবা মায়েদের জীবনের চরম ব্যর্থতা হচ্ছে সন্তানকে সুশিক্ষা শিক্ষিত না করা? এখানে সন্তানের কোনো দোষ নাই? বৃদ্ধাশ্রম এ যাদের বসবাস তাদের সন্তানরা তাদের বাবামায়ের দেওয়া শিক্ষা শিক্ষণীয়?,https://www.youtube.com/watch?v=adXozSYaGN0&lc=UgzQsmwKrKAacV_ZL7h4AaABAg,Neglect
textless(emoji/punct only),YouTube,adXozSYaGN0,https://www.youtube.com/watch?v=adXozSYaGN0,@Islamicmessage-v2e1i,2026-04-12 07:24:44,0,😢😢😢,https://www.youtube.com/watch?v=adXozSYaGN0&lc=Ugy34zlQfiWzF_I4JLd4AaABAg,Neglect
textless(emoji/punct only),YouTube,5HAi9gg4yYQ,https://www.youtube.com/watch?v=5HAi9gg4yYQ,@shahadataminrasul2147,2026-04-12 07:27:12,0,😢😢😢🤲🤲🤲,https://www.youtube.com/watch?v=5HAi9gg4yYQ&lc=UgymOEpu4w2Ps_DkqjR4AaABAg,Neglect
textless(emoji/punct only),YouTube,5HAi9gg4yYQ,https://www.youtube.com/watch?v=5HAi9gg4yYQ,@munfatema4025,2026-04-12 07:27:12,0,😭😭😭😭😭😭😭😭😭😭😭😭😭,https://www.youtube.com/watch?v=5HAi9gg4yYQ&lc=UgyG0rQtymohv3S2pc14AaABAg,Neglect
exact_duplicate,Facebook,export_20260613-054513,https://web.facebook.com/share/p/18UUxpsyNQ/?mibextid=wwXIfr,দুই বোনের ভ্লগ,2026-06-12 07:24:52,1,আসসালামু আলাইকুম,https://www.exportcomments.com/done/7ae531cb-19ae-4d47-a1a0-0657f19b41f9/preview/3678511978955284,Neglect
exact_duplicate,Facebook,export_20260613-054513,https://web.facebook.com/share/p/18UUxpsyNQ/?mibextid=wwXIfr,Own Choice Own Fashion,2026-06-12 07:44:18,1,Right,https://www.exportcomments.com/done/7ae531cb-19ae-4d47-a1a0-0657f19b41f9/preview/4410557635865117,Neglect
textless(emoji/punct only),Facebook,export_20260613-060812,https://web.facebook.com/share/v/1E4GGbmZfb/?mibextid=wwXIfr,Riaz Mahmud,2025-03-18 04:17:59,0,😐😐,https://www.exportcomments.com/done/78c993b6-533c-45b0-87cd-c9666ab3dfe1/preview/1340005953791186,Physical Abuse
too_short(<=2 chars),Facebook,export_20260613-060812,https://web.facebook.com/share/v/1E4GGbmZfb/?mibextid=wwXIfr,Akramul Islam Jr.,2025-03-18 04:18:15,0,ছি,https://www.exportcomments.com/done/78c993b6-533c-45b0-87cd-c9666ab3dfe1/preview/1748230819093267,Physical Abuse
spam,Facebook,export_20260613-060812,https://web.facebook.com/share/v/1E4GGbmZfb/?mibextid=wwXIfr,Mohammad Ahsan Habib,2025-03-18 04:25:29,0,1️⃣ 𝗬𝗼𝘂𝗧𝘂𝗯𝗲 𝗣𝗿𝗲𝗺𝗶𝘂𝗺 মাত্র : 301️⃣ 𝗬𝗼𝘂𝗧𝘂𝗯𝗲 𝗣𝗿𝗲𝗺𝗶𝘂𝗺 মাত্র : 30 - টাকা  মেয়াদ : 1 - মাস✅নিতে হলে শুধুমাত্র জিমেইল এড্রেস দিন🔶 4K ভিডিও কোয়ালিটি 🔶 বিরক্তিকর এ্যাড আসবে না🔶 ব্যাকগ্রাউন্ডে ভিডিও চলবে🔶 1080p ভিডিও ডাউনলোড 🔶 𝗬𝗧 𝗠𝘂𝘀𝗶𝗰 𝗣𝗿𝗲𝗺𝗶𝘂𝗺 ফ্রী - টাকা  মেয়াদ : 1 - মাস✅নিতে হলে শুধুমাত্র জিমেইল এড্রেস দিন🔶 4K ভিডিও কোয়ালিটি 🔶 বিরক্তিকর এ্যাড আসবে না🔶 ব্যাকগ্রাউন্ডে ভিডিও চলবে🔶 1080p ভিডিও ডাউনলোড 🔶 𝗬𝗧 𝗠𝘂𝘀𝗶𝗰 𝗣𝗿𝗲𝗺𝗶𝘂𝗺 ফ্রী,https://www.exportcomments.com/done/78c993b6-533c-45b0-87cd-c9666ab3dfe1/preview/1691438444776545,Physical Abuse
textless(emoji/punct only),Facebook,export_20260613-060812,https://web.facebook.com/share/v/1E4GGbmZfb/?mibextid=wwXIfr,Anisur Fahim,2025-03-18 12:59:54,0,😢,https://www.exportcomments.com/done/78c993b6-533c-45b0-87cd-c9666ab3dfe1/preview/1181383100361889,Physical Abuse
textless(emoji/punct only),Facebook,export_20260613-060812,https://web.facebook.com/share/v/1E4GGbmZfb/?mibextid=wwXIfr,Ahsan Ullah,2025-03-18 16:09:01,0,😯,https://www.exportcomments.com/done/78c993b6-533c-45b0-87cd-c9666ab3dfe1/preview/1397858941574316,Physical Abuse
spam,Facebook,export_20260613-061113,https://www.facebook.com/share/r/1E3K3SR3nB/?mibextid=wwXIfr,Shiuly Islam,2026-01-01 04:42:44,2,"https://www.facebook.com/photo.php?fbid=891577296967007&set=p.891577296967007&type=3
https://www.facebook.com/photo.php?fbid=891577296967007&set=p.891577296967007&type=3",https://www.exportcomments.com/done/cedfe825-b78c-404f-b6eb-47d1b4b18aae/preview/1699056227740096,Physical Abuse
textless(emoji/punct only),Facebook,export_20260613-061335,https://www.facebook.com/share/v/1Dog5BdrXd/?mibextid=wwXIfr,M F G Rabbi,2024-11-14 02:27:22,0,😡😡,https://www.exportcomments.com/done/4c7e931b-e68d-412d-838a-af538d7ff44c/preview/1080141020247285,Abandonment
textless(emoji/punct only),Facebook,export_20260613-061335,https://www.facebook.com/share/v/1Dog5BdrXd/?mibextid=wwXIfr,Md Towhidul Islam,2024-11-14 02:45:40,0,🥲,https://www.exportcomments.com/done/4c7e931b-e68d-412d-838a-af538d7ff44c/preview/3098098956996500,Abandonment
spam,Facebook,export_20260613-061751,https://www.facebook.com/share/v/1EGVRjStca/?mibextid=wwXIfr,Amzad Hossain,2018-12-11 19:28:13,0,"https://www.facebook.com/photo.php?fbid=1942018492774047&set=p.1942018492774047&type=3
https://www.facebook.com/photo.php?fbid=1942018492774047&set=p.1942018492774047&type=3",https://www.exportcomments.com/done/e048a160-5bb3-43b7-b59b-34c4596e2999/preview/2209883759029931,Murder
spam,Facebook,export_20260613-061751,https://www.facebook.com/share/v/1EGVRjStca/?mibextid=wwXIfr,Shafiqul Sayed Ali,2018-12-17 06:41:11,0,"https://www.facebook.com/photo.php?fbid=793736704307258&set=p.793736704307258&type=3
https://www.facebook.com/photo.php?fbid=793736704307258&set=p.793736704307258&type=3",https://www.exportcomments.com/done/e048a160-5bb3-43b7-b59b-34c4596e2999/preview/2217898998228407,Murder
spam,Facebook,export_20260613-061751,https://www.facebook.com/share/v/1EGVRjStca/?mibextid=wwXIfr,Khaleda Jorna,2019-02-04 22:16:38,0,"https://www.facebook.com/photo.php?fbid=791156374562410&set=p.791156374562410&type=3
https://www.facebook.com/photo.php?fbid=791156374562410&set=p.791156374562410&type=3",https://www.exportcomments.com/done/e048a160-5bb3-43b7-b59b-34c4596e2999/preview/2290540777630895,Murder
spam,Facebook,export_20260613-061751,https://www.facebook.com/share/v/1EGVRjStca/?mibextid=wwXIfr,Khaleda Jorna,2019-02-04 22:16:49,0,"https://www.facebook.com/photo.php?fbid=791156431229071&set=p.791156431229071&type=3
https://www.facebook.com/photo.php?fbid=791156431229071&set=p.791156431229071&type=3",https://www.exportcomments.com/done/e048a160-5bb3-43b7-b59b-34c4596e2999/preview/2290540890964217,Murder
spam,Facebook,export_20260613-061751,https://www.facebook.com/share/v/1EGVRjStca/?mibextid=wwXIfr,Khaleda Jorna,2019-02-04 22:18:31,0,"https://www.facebook.com/photo.php?fbid=791156847895696&set=p.791156847895696&type=3
https://www.facebook.com/photo.php?fbid=791156847895696&set=p.791156847895696&type=3",https://www.exportcomments.com/done/e048a160-5bb3-43b7-b59b-34c4596e2999/preview/2290542220964084,Murder
spam,Facebook,export_20260613-061751,https://www.facebook.com/share/v/1EGVRjStca/?mibextid=wwXIfr,Khaleda Jorna,2019-02-04 22:18:41,0,"https://www.facebook.com/photo.php?fbid=791156891229025&set=p.791156891229025&type=3
https://www.facebook.com/photo.php?fbid=791156891229025&set=p.791156891229025&type=3",https://www.exportcomments.com/done/e048a160-5bb3-43b7-b59b-34c4596e2999/preview/2290542380964068,Murder
spam,Facebook,export_20260613-061751,https://www.facebook.com/share/v/1EGVRjStca/?mibextid=wwXIfr,Kazul Kazul,2019-02-05 05:51:33,0,"https://www.facebook.com/photo.php?fbid=317214585803731&set=p.317214585803731&type=3
https://www.facebook.com/photo.php?fbid=317214585803731&set=p.317214585803731&type=3",https://www.exportcomments.com/done/e048a160-5bb3-43b7-b59b-34c4596e2999/preview/2290939664257673,Murder
spam,Facebook,export_20260613-061751,https://www.facebook.com/share/v/1EGVRjStca/?mibextid=wwXIfr,ছামাদ তালুকদার,2019-04-14 21:32:22,0,"https://www.facebook.com/photo.php?fbid=392420194823134&set=p.392420194823134&type=3
https://www.facebook.com/photo.php?fbid=392420194823134&set=p.392420194823134&type=3",https://www.exportcomments.com/done/e048a160-5bb3-43b7-b59b-34c4596e2999/preview/2394827670535538,Murder
spam,Facebook,export_20260613-061751,https://www.facebook.com/share/v/1EGVRjStca/?mibextid=wwXIfr,Ahmed Minara,2019-05-04 17:26:11,0,"https://www.facebook.com/photo.php?fbid=149446686102144&set=p.149446686102144&type=3
https://www.facebook.com/photo.php?fbid=149446686102144&set=p.149446686102144&type=3",https://www.exportcomments.com/done/e048a160-5bb3-43b7-b59b-34c4596e2999/preview/2426947567323548,Murder
exact_duplicate,Facebook,export_20260613-062211,https://www.facebook.com/share/v/1EZpz8ku1L/?mibextid=wwXIfr,Hk Hira,2022-02-04 13:28:03,0,কঠিন বিচার চাই,https://www.exportcomments.com/done/ebba5748-a628-4fc9-a5f8-faeb60e40a8d/preview/1477165162679283,Physical Abuse
exact_duplicate,Facebook,export_20260613-062211,https://www.facebook.com/share/v/1EZpz8ku1L/?mibextid=wwXIfr,Md Faruk,2022-02-06 09:27:45,0,আমিন,https://www.exportcomments.com/done/ebba5748-a628-4fc9-a5f8-faeb60e40a8d/preview/1478350695894063,Physical Abuse
textless(emoji/punct only),Facebook,export_20260613-062211,https://www.facebook.com/share/v/1EZpz8ku1L/?mibextid=wwXIfr,Mahmudul Hassan Masum,2026-02-22 16:45:34,0,😭😭😭,https://www.exportcomments.com/done/ebba5748-a628-4fc9-a5f8-faeb60e40a8d/preview/942693914891427,Physical Abuse
textless(emoji/punct only),Facebook,export_20260613-062211,https://www.facebook.com/share/v/1EZpz8ku1L/?mibextid=wwXIfr,Mahmudul Hassan Masum,2026-02-22 16:45:56,0,😭😭😭😭😭,https://www.exportcomments.com/done/ebba5748-a628-4fc9-a5f8-faeb60e40a8d/preview/2791134331235474,Physical Abuse
spam,Facebook,export_20260613-062625,https://www.facebook.com/share/v/1CzocimNu8/?mibextid=wwXIfr,Rubel Khen,2023-08-04 20:11:44,0,"https://www.facebook.com/photo.php?fbid=862948435260083&set=p.862948435260083&type=3
https://www.facebook.com/photo.php?fbid=862948435260083&set=p.862948435260083&type=3",https://www.exportcomments.com/done/10475abe-5f1a-48d4-94f1-189958cf9532/preview/238169625789022,Physical Abuse
textless(emoji/punct only),Facebook,export_20260613-064341,https://www.facebook.com/share/v/1JcUkT7Skq/?mibextid=wwXIfr,Mohammad Farhadul Islam Onik,2024-02-12 15:44:42,0,😭,https://www.exportcomments.com/done/a6ce3c6c-b953-4a54-a11c-10e674481b7c/preview/909970987172705,Murder
exact_duplicate,Facebook,export_20260613-064341,https://www.facebook.com/share/v/1JcUkT7Skq/?mibextid=wwXIfr,মোহাম্মদ শামিম,2024-02-12 18:09:37,1,আহা জীবন,https://www.exportcomments.com/done/a6ce3c6c-b953-4a54-a11c-10e674481b7c/preview/670924445016539,Murder
textless(emoji/punct only),Facebook,export_20260613-064341,https://www.facebook.com/share/v/1JcUkT7Skq/?mibextid=wwXIfr,Md Latif Md Latif,2024-03-31 19:05:30,0,👍👍👍🤲🤲,https://www.exportcomments.com/done/a6ce3c6c-b953-4a54-a11c-10e674481b7c/preview/2105024469879846,Murder
textless(emoji/punct only),Facebook,export_20260613-064341,https://www.facebook.com/share/v/1JcUkT7Skq/?mibextid=wwXIfr,Mohammad Aminul Islam,2024-04-05 17:08:53,0,😢😢😢😢,https://www.exportcomments.com/done/a6ce3c6c-b953-4a54-a11c-10e674481b7c/preview/953375583038708,Murder
textless(emoji/punct only),Facebook,export_20260613-064341,https://www.facebook.com/share/v/1JcUkT7Skq/?mibextid=wwXIfr,MD Iqbal Hossan,2024-04-08 00:44:08,0,🥺🥺,https://www.exportcomments.com/done/a6ce3c6c-b953-4a54-a11c-10e674481b7c/preview/760325199546538,Murder
too_short(<=2 chars),Facebook,export_20260613-064341,https://www.facebook.com/share/v/1JcUkT7Skq/?mibextid=wwXIfr,Abdul Hanna,2024-05-02 09:17:32,0,B,https://www.exportcomments.com/done/a6ce3c6c-b953-4a54-a11c-10e674481b7c/preview/1428770354432108,Murder
too_short(<=2 chars),Facebook,export_20260613-064609,https://www.facebook.com/share/v/18SLzD9bbB/?mibextid=wwXIfr,Tipu Sultan,2022-08-18 11:59:24,0,ধম,https://www.exportcomments.com/done/988d4196-4a03-4000-ba8c-1aa404ac350c/preview/425480062979308,Neglect
textless(emoji/punct only),Facebook,export_20260613-065847,https://www.facebook.com/share/v/1DNPBCEC8i/,MD Abul Kalam,2025-10-10 03:01:46,1,🥲🥲🥲🥲🥲🥲🥲🥲🥲🥲,https://www.exportcomments.com/done/862859ac-c00c-4e20-bbca-37ebb310aade/preview/1202204585291811,Murder
too_short(<=2 chars),Facebook,export_20260613-070148,https://www.facebook.com/share/v/18YYhKQ4jL/?mibextid=wwXIfr,Mitu Akter Mitu Akter,2025-05-25 01:05:14,0,Pp,https://www.exportcomments.com/done/5d501cd4-e02e-4b74-ab42-847311286457/preview/1709230039985851,Verbal Abuse
textless(emoji/punct only),Facebook,export_20260613-070148,https://www.facebook.com/share/v/18YYhKQ4jL/?mibextid=wwXIfr,K S. Sajaan,2025-05-25 08:27:20,0,.,https://www.exportcomments.com/done/5d501cd4-e02e-4b74-ab42-847311286457/preview/1639133890082617,Verbal Abuse
exact_duplicate,Facebook,export_20260613-070148,https://www.facebook.com/share/v/18YYhKQ4jL/?mibextid=wwXIfr,Sumon Ahmed,2025-05-25 10:30:10,0,Amin,https://www.exportcomments.com/done/5d501cd4-e02e-4b74-ab42-847311286457/preview/1277194077322948,Verbal Abuse
