comment_id,Comment,abuse_type,platform,lang,cur_emotion,final_emotion,final_polarity,is_correct?,notes
C00337,এ সমস্ত বাবা-মারা ছেলে সন্তানদেরকে ছোটবেলা থেকেই আল্লাহর দ্বীনের শিক্ষা দেয় না শুধুমাত্র দুনিয়াবী শিক্ষায় শিক্ষিত করে যার উদ্দেশ্য শুধু টাকা কামানো আর মানুষ বানানো আর মানুষ হাওয়া মানে এক ধরনের ধর্মহীনতা। এজন্য শেষ বয়সে এই সন্তানের বাবা আমার খোঁজখবর নেয় না এবং যত্ন নেয় না। এজন্য সবার উচিত ছোটবেলা থেকে সন্তানকে আল্লাহর দ্বীনের শিক্ষা দেওয়া এবং কোরআন সুন্নাহ অনুযায়ী জীবন যাপন করা ইনশাআল্লাহ আশা করা যায় যদি বা মারা তার সন্তানকে আলাউদ্দিনের শিক্ষা দেয় এবং কোরআন সুন্নাহ অনুযায়ী জীবন-যাপনের শিক্ষা দেয় সে সমস্ত সন্তানেরা বাবাকে শেষ বছরের দেখবে এবং যত্ন করবে বেশিরভাগ ক্ষেত্রে। আর দুনিয়াবি শিক্ষা বিশ্বকাপ ক্ষেত্রে দুনিয়াবী সম্মান আর টাকা কামানোর ক্ষেত্রে ব্যবহৃত হয় আর শেষ বসে বাপ মাকে বিরক্ত মনে করে।,Neglect,YouTube,bengali,Victim-blaming,Victim-blaming,Negative,,
C00399,আপনার অপরাধের বিচার আগে হওয়া দরকার। (১) কুলাঙ্গার পয়দা করেছেন (২) আপনি আপনার সম্পদ ছেলেকে ভোগ করার সুযোগ দিয়েছেন। (৩) আপনি এ রকম কুলাঙ্গারকে ত্যাজ্যপুত্র করেন নাই। (৪) এক বছর যাবৎ আপনার ঘরভাড়া ছেলে নিচ্ছে আপনি তার বিরুদ্ধে কোন আইনগত ব্যবস্থা নেননি। (৫) আপনি তার নির্দেশে বাড়ী ছেড়ে বৃদ্ধাশ্রমে গিয়ে ছেলেকে প্রশ্রয় দিয়েছেন। (৬) আপনি আপনার বাসায় কুলাঙ্গারকে ঢুকতে বাধা দেন নাই কেন ? আপনি বাড়ীঘর সম্পদ এগুলো কোন জনকল্যানমূলক প্রতিষ্ঠােনে দান করে দেন। আপনি কুলাঙ্গারকে ছেলে বলবেন না এবং নাতি পাতি এগুলো কুলাঙ্গারের ঘরের কুলাঙ্গারগুলোকেও কোন সংযোগ রাখার দরকার নেই কারন এগুলোও ভবিষ্যতে কুলাঙ্গার হবে।,Verbal Abuse,YouTube,bengali,Victim-blaming,Victim-blaming,Negative,,
C00217,এইজন্য ছেলেমেয়েকে ইসলাম শিক্ষা এবং নৈতিক শিক্ষা দিতে হয় ইসলামে যা যা আছে সেগুলো শিক্ষা দিতে হয় এবং সব ক্ষেত্রে দেখা যায় যে মহিলারা তার শশুর শাশুড়ির সাথে দুর্ব্যবহার করে এবং যে লোক তার বাবা-মায়ের সাথে দুর ব্যবহার করে অথবা তাদের খোজ খবর নেয় না দায়িত্ব পালন করে না। তারাও একটা বয়সে যেয়ে করুন পরিণতির সামনে পরে। সবচেয়ে বড় বিষয় হারাম উপার্জন করা ঠিক না সেই হারাম উপার্জন দিয়ে শেষ বয়সে করুন পরিণতি তৈরি হয় তাই প্রত্যেকেই তার কর্মফল ভোগ করে পরিণতির সামনা করে। এবং যাদের সমর্থ্য আছে সেই লোকদের দুই তিনটা বিয়ে করা উচিত অনেক ছেলে-মেয়ে থাকলে এই সমস্যায় পড়তে হয় না,Neglect,YouTube,bengali,Victim-blaming,Victim-blaming,Negative,,
C01258,"More likely your income was not Halal, no one can take your Halal income, it is protected by Allah, Allah is fair, you make your income halal, give zakat the right way and ask Allah to protect you, and inshallah you will be successful. Learn about Islam, we Muslim have a powerful guide, follow it blindly and Allah will provide, ask Allah for what you deserve, your need, not what you want, Allah will help the needy not the greedy, believe me when I say this, Allah loves us, and Allah wants to see us happy, I am a living proof. May Allah forgives us all.",Abandonment,YouTube,latin,Victim-blaming,Victim-blaming,Negative,,
C00568,"হে জেনারেল শিক্ষায় শিক্ষিত বন্ধু গোন দেখো তোমাদের নোংরা আচরণ বাংলার জমিন থেকে সকল স্কুল কলেজ পুড়িয়ে জ্বালিয়ে ধ্বংস করে দিতে হবে কারণ এখানে সুশিক্ষায় শিক্ষিত হয় না কুশিক্ষায় শিক্ষিত হয় যার কারণে পিতা মাতাকে বৃদ্ধাশ্রমে থাকতে হয় আমি চ্যালেঞ্জ দিয়ে বলতে পারি যে কোন আলেম ওলামাদের পিতা মাতা বৃদ্ধাশ্রমে থাকে না আর এই রোপ নোংরা আচরণ ও কেউ করে না, হা হাজারে একজন দুজন থাকতে পারে আমি তা অস্বীকার করিনা তবে সেটা খুবই নগণ্য, যখন ঘুষের টাকা দিয়ে সাজ সজ্জা নিয়ে আসত তখন খুব মজা করত,আর এখন ভালো লাগে না বাহ্,",Verbal Abuse,YouTube,bengali,Victim-blaming,Victim-blaming,Negative,,
C01199,যে সমস্ত বড় লোক ফ্যামিলির পিতা ও মাথা আজ বৃদ্ধাশ্রমে একটু সুখের আশা চলে আসে সেই সমস্ত পিতা মাতার ও অনেক ভুল আছে তারা তাদের সন্তান দেরকে সঠিক ভাবে হালাল টাকা পয়সা দিয়ে ভালো শিক্ষা দিতে পারে নাই তাই আজ এদের এই করুন অবস্থা। এই সমস্ত বৃত্ত শালী পিতা ও মাতাদেরকে বৃদ্ধাশ্রমে জায়গা দেওয়া উচিত না একটু কস্ট সয্য করতে পারে না চলে আসে বিনা পয়সায় থাকা খাওয়ার জন্য আরে এই সমস্ত বৃদ্ধ শ্রম গুলো হলো গরিব অসহায় মানুষ দের জন্য বড় লোকরা কেন আসে এই সমস্ত জায়গা বড় লোক যারা তাদের কমে'র ফল এ গুলো,Abandonment,YouTube,bengali,Victim-blaming,Victim-blaming,Negative,,
C00300,বিদ্ধাশ্রমে যারা আসে তাদের কিছু মানুষ এর নিজেদের ও দোষ আছে যেমন।তারা ইসলাম শিক্ষা দেয় না।তারা যৈবন কালে মানুষ এর সাথে খারাপ আচরণ করত।তাদের মাঝে কেউ কেউ সন্তান দের অবহেলা করতো।আবার কেউ ভালো মানুষ ছিলেন কিন্তু নিওতি তাদের এই খানে নিয়ে এলো।এই জন্য প্রতিটি মানুষ কে ইসলাম শিক্ষা দিতে হবে।নামাজ শিক্ষা দিতে হবে।কোরআন এর অনুবাদ পড়াতে হবে।হাদিস শিক্ষা দিতে হবে।আর তা না হলে তারা কেন এমন ঘটনা ঘটতেই থাকবে।কেউ আমার কথায় কষ্ট পাবেন না আসলে কথা গুলো সত্যি।,Neglect,YouTube,bengali,Victim-blaming,Victim-blaming,Negative,,
C00270,ছেলে সন্তানকে আলাউদ্দিন শিক্ষা না দিলে এমনই হয়। সবার আগে আল্লাহর দ্বীন শিক্ষা দিতে হবে তারপর দুনিয়াবী পড়াশোনা যতটুকু দরকার ততটুকু করলেই হবে। এরা নিজের ইসলাম ধর্ম অনুযায়ী জীবন-যাপন করে না এবং ছেলে সন্তানকে শেখায় না। তারপরও মানুষ দুনিয়াবী শিক্ষার পেছনে পড়ে থাকে আলাউদ্দিনের শিক্ষার প্রতি কোন গুরুত্ব নেই। পাপের আর হারামের জিন্দেগীতে মানুষ ব্যস্ত আমরা বেশি রাত মানুষের জাহান্নামী জীবন যাপন করতেছি এখন আমাদের বোধোদয় হয় না।,Neglect,YouTube,bengali,Victim-blaming,Victim-blaming,Negative,,
C01213,"এই বাবাদের একটি দোষ আছে, তারা শুধু তাদের সন্তানদের দুনিয়া শিখিয়েছে, দুনিয়াতে কীভাবে বড় হতে হয় সেটা শিখিয়েছে। এখন বাবার বৃদ্ধ বয়সে সন্তানেরা দেখছে বৃদ্ধ মানুষ লালনপালন ভেজাল,কারণ বাবার গুরুত্ব কী? বাবার খেদমত করলে কী লাভ? বাবা অসন্তুষ্ট থাকলে আল্লাহ অসন্তুষ্ট হয় ফলশ্রুতিতে জাহান্নামে যেতে হবে এগুলো তাদের হয়ত শিখানো হয় নি। তাই সকলের প্রতি অনুরোধ সন্তানকে অবশ্যই দুনিয়াবী শিক্ষার পাশাপাশি দ্বীনি শিক্ষায় শিক্ষিত করবেন।",Abandonment,YouTube,bengali,Victim-blaming,Victim-blaming,Negative,,
C00222,"লাইফস্টাইল অনেক গুরুত্বপূর্ণ। তিনি নিজেও হয়তো এলিট ছিলেন( চালচলনে তাই মনে হচ্ছে) । নারীবাদী- স্বাধীনচেতার ফাঁদে পড়ে মেয়েদেরকেও ঐভাবে গড়ে তুলেছেন আর শেষ পরিণতি এটাই হয়েছে। ইসলামী ধর্মীয় শিক্ষা না দিলে এমন হওয়াটা স্বাভাবিক। পশ্চিমা সভ্যতা পরিবার ভাঙতে শেখায়, আর ইসলাম পরিবার গড়তে শেখায়। তাই পরিবার টিকিয়ে রাখার জন্য ইসলাম শেখা, চর্চা করা প্রয়োজন পাশাপাশি ইসলামি সিস্টেমকে এডপ্ট করা প্রয়োজন",Neglect,YouTube,bengali,Victim-blaming,Victim-blaming,Negative,,
C00285,যদি আপনি ঘুষ খেতে খেতে আল্লাহর কাছে দোষী সাব্যস্ত হয়ে যান তাহলে আপনার ছেলে মেয়ে আপনাকে অস্বীকার করে ইনশাল্লাহ পরের হক ভাই ব্রাদারের হক মেরে খান তাইলে আপনার সন্তানের মাধ্যমে আল্লাহ আপনাকে নানত দিবে সন্তানের থেকে খোঁজখবর নিব না একটা মুহূর্তে সেই সময় আপনার মনে হবে আমি কেন পরের টাকা দিয়ে আমার সংসারে সুন্দর করেছিলাম সুন্দর নয় তো আসলে বিষ খাইয়ে ছিলাম সেই বিষয়ে আমাকে খেয়েছে,Neglect,YouTube,bengali,Victim-blaming,Victim-blaming,Negative,,
C00231,"This woman never ever didn’t look after her mother-in-law as well so this is come back to her simple also why she have why she don’t have any son should be she have Son and more children no fucking girls if you go girls go after married to husband, they don’t bother their parents if Son had provided Rig education special religious education after their parents thank you",Neglect,YouTube,latin,Victim-blaming,Victim-blaming,Negative,,
C00705,"দীক্ষার জানাই এরকম শিক্ষিত সমাজকে, যে সমাজ মা-বাবা থেকে আলাদা করে বসবাস করে,,, প্রতিটি মানুষেরই একটি মনুষ্যত্ববোধ থাকে, আর আপনি আমি সেই মনুষত্ববোধটা যদি মা-বাবার প্রতি না দেখিয়ে অন্য কারো প্রতি দেখায় আমার মনে হয় আমরা অনেক পিছিয়ে আছি,, আমি গরিব মা বাবার ঘরের জন্ম, আমি শিক্ষিত সমাজদের মানুষের অতি আহবান রাখতে চাই এই পৃথিবীতে মা এবং বাবা ছাড়া কেউ আপনার আপন হতে পারে না,",Abandonment,YouTube,bengali,Victim-blaming,Anger/Condemnation,Negative,,"Lamia audit: condemns abuser/3rd party, not victim"
C02025,Md Piyal পিয়াল আমি মিন্টু ভাইর পক্ষে নই। তার এটা করা মোটেই উচিত হয়নি। তার শাস্তি দাবি করছি। আমি বোঝাতে চেয়েছি সব মা এক রকম নয়। মিন্টু ভাইর উচিত ছিলো শান্ত থাকা বা ওখান থেকে চলে যাওয়া। মা তো মা ই। পবিত্র কোরআনে উল্লেখ আছে মা বাবার সাথে কোন টা টু শব্দও করা যাবে না। গায়ে হাত তোলা তো মহা অপরাধ। তবে কিছু মা তার সন্তানদের জীবন নরক করে তোলে। আশা করি বুঝতে পেরেছো।,Physical Abuse,Facebook,bn+en,Victim-blaming,Victim-blaming,Negative,,
C01200,এ লোকগুলো ই খারাপ। তাদের খারাপ এর শাস্তি শেষ বয়সে পাচ্ছে। ছেলে মেয়েদের নৈতিক ও ধর্মীয় শিক্ষা দিতে পারে নাই। শুধু কুশিক্ষা দিয়েছে।আর কাজের মেয়ে দিয়ে সন্তান পালন করে। এরচেয়ে ভালো হবে কি করে! এখন এসে কান্নাকাটি করে।কোনো গরিব পরিবারের ছেলে মেয়েরা বাবা মাকে ছেড়ে যায়না।(বিঃদ্রঃ সবার ক্ষেত্রে না অধিকাংশ ক্ষেত্রে তাই। মিলিয়ে দেখবেন।),Abandonment,YouTube,bengali,Victim-blaming,Victim-blaming,Negative,,
C00009,যে সকল বাবা-মা সন্তানের উপার্জনের আশা বা অপেক্ষা করেসে সকল বাবা-মায়ের সন্তান জন্ম দেওয়া উচিত হয়নি🙏বিঃদ্রঃ সন্তান জন্ম দিয়েছি আমার শরীরের গরমকে শীতল করার জন্য❤সে সন্তানের উপার্জন আমি খাবো কেন?যেহেতু আমার সন্তানকে পৃথিবীতে আমি এনেছি সে তো সারা জীবন সন্তানকে আমি খাইয়ে এবং পড়িয়ে যাবো❤আমি কখনো সন্তানের কামাই খাওয়ার আশা করি না🙏🙏🙏,Neglect,YouTube,bengali,Victim-blaming,Victim-blaming,Negative,,
C00972,বডো বাই জে বললো মা বাবার সমপদ রেকট করে সে জমি চোটো বায়ের নামে দলিল দিলো সেই জমি হলো 51 সতাংস মা পাবে বাবার জমি থেকে দূই আনা দলিল রাইট হবে সেই জমি বাকি জমি দূই বাই মালিক আর মা  বুল করলো চরম বুল করলো কেনো পথমে বডো চেলেকে দূই দলিল কেনো দীলো আবার ঐজমি কেনো মা রেকট করে চোটো চেলে দলিল দীলো সেই কারনে এতো কিচু সব দোসের দূসী মা,Abandonment,YouTube,bengali,Victim-blaming,Victim-blaming,Negative,,
C00224,"আগে মুরুব্বিরা বলতো ছেলেমেয়েদের মানুষ বানাইছ।আর ছোটদের বলতো বাবারা মানুষ হইছ।আর এখন বলে পড়ালেখা কতটুকু,রেজাল্ট কেমন সব পড়া সম্পর্কিত আর কম্পিটিশন যার ভীড়ে মানুষ না হয়ে শিক্ষিত অমানুষ হওয়ার পাল্লা ভারী।ছেলে মেয়েদের বেশি শিক্ষিত না করে অতটুকুই যথেষ্ট যতটুকু চলার জন্য প্রয়োজন।বেশি শিক্ষিতরা বউ আর চাকরি নিয়ে  আলাদা থাকে।",Neglect,YouTube,bengali,Victim-blaming,Victim-blaming,Negative,,
C01587,", স্যার কি বলবো আপনাকে উপদেশ দেওয়ার মতন বিদ্যা বুদ্ধি আমার নেই, তবুও বলি বেয়াদবি হলে মাফ করবেন, আপনি আপনার সন্তানদেরকে, শিক্ষিত করেছেন এ কথা ঠিক, তবে সুশিক্ষিত করতে পারেন নি এটা আপনার ব্যর্থতা পিতা হিসেবে, যদি কোরআন এবং হাদিসের জ্ঞান তার ভিতরে থাকতো তাহলে আপনাকে এই বয়সে বৃদ্ধাশ্রমে থাকা লাগতো না, এটা আমার বিশ্বাস",Neglect,YouTube,bengali,Victim-blaming,Victim-blaming,Negative,,
C01109,"সন্তান কতৃ'ক পিতা-মাতাকে দেখা শোনা না করার পেছনে  ৮০% পিতা-মাতার  নিজের  দোষ আছে।  কারণ, ছোট বেলায় সন্তানদের পারিবারিক ও ইসলামি শিক্ষা দিতে পারেন না এবং  সন্তান কে মেয়েকে ২ বছর আর ছেলেকে ২ বছর ৬ মাস বুকের দুধ খাওয়ান নি মনে হচ্ছে।  নতুবা এরকম অবস্থা হতোনা তাঁর। এ সব কারণে তাদের জায়গা হয় বৃদ্ধা আশ্রমে।",Neglect,YouTube,bengali,Victim-blaming,Victim-blaming,Negative,,
C00226,"তোমাদের যে বিপদ আপদ  ঘটে তা তোমাদের কৃতকর্মের ফল,,,         ৪২ নং সূরা শ্ত'রা আয়াত:৩০ যেসব বিপদ আসে                        তোমাদের উপরে তোমাদেরই কর্ম তাহা                         উপার্জন করে ।।   যদিও তোমাদের                        বেশকিছু পাপ      করেন দয়া করে                        তোমাদের মাফ।।",Neglect,YouTube,bengali,Victim-blaming,Victim-blaming,Negative,,
C00703,বিষয়টি অত্যন্ত দুঃখজনক যদি ছেলেদের কে ইসলাম শিক্ষায় শিক্ষিত করতেন তাহলে এই বৃদ্ধাশ্রমে থাকতে হতো না তারপরও মাননীয় প্রধানমন্ত্রীর দৃষ্টি আকর্ষণ করছি ছেলেদের বিরুদ্ধে আজ অনেক ব্যবস্থা গ্রহণ করার জন্য আমার মনে হয় যারা বৃদ্ধকে বের করে দিয়েছেন তাদের সন্তানরাও তাদেরকে বের করে দিবেন এই আশ্রমে,Abandonment,YouTube,bengali,Victim-blaming,Victim-blaming,Negative,,
C00219,এই দেশ টা তাই বলি ধংশ করেচে অতি মুর্খ আর অতি শিক্ষিতরা। ওনে কে তারেক রহমান কে শিক্ষিত বা অতি শিক্ষিত নয় বলে তিরস্কার করে জামাতি আওয়ামী বট রা। রাষ্ট্র পরিচানা করতে অতি শিক্ষিত দরকার। কিন্তু আমি বলী শিক্ষিত হয়ে এসব লোক আশ্রম এ আর তাদের অতি মেধাবী শিক্ষিত ছেলেরা আয়েশি জিবনে নৈতিক শিক্ষা কোথায়।,Neglect,YouTube,bengali,Victim-blaming,Victim-blaming,Negative,,
C00014,আপনার ৫৪ লক্ষ টাকা দিছেন আপনি কয় টাকা স্যালারি পাইছেন আবার কান্দেন মানুষের হক নষ্ট করেছেন এভাবে যারা করেছে। আপনি কয় টাকা স্যালারি পাইছেন পিছনে একটা ফ্ল্যাট বেশি 40 লক্ষ 50 লক্ষ টাকা দিছে কয় টাকা স্যালারি পেয়েছেন আপনি কানবেন না কান্না করবে কি আরেকজনে বৃদ্ধাশ্রমে দিবি না দিবি কি আরেকজনাকে,Neglect,YouTube,bengali,Victim-blaming,Victim-blaming,Negative,,
C01484,এখানে তো সমস্যার কিছু দেখতেছি না সে মারা যাওয়ার আগ পর্যন্ত তো একটা ভাতা পাবে সরকার থেকে আর সে ভাতা দিয়ে তার সুন্দরভাবে চলে যাবে আর সারা জীবন চাকরি করে কিছুই জমাই নি এত পাগল শিক্ষক হয় কেমনে এর মত পাগল শিক্ষক হলে বাংলাদেশ আজকে ধ্বংস এই হালারে বৃদ্ধাশ্রমে কেখাওয়ায় সরকার থেকে তো ভাতা পায়,Verbal Abuse,YouTube,bengali,Victim-blaming,Victim-blaming,Negative,,
C01139,সব বাবাদের উচিত এখনই শিক্ষা গ্রহণ করা এবং সন্তানদের দিন শিখানো। ইনশাআল্লাহ দ্বীনদার কোন সন্তান পিতা-মাতার সাথে এমন ব্যবহার কখনোই করবেন না। আর অবৈধ পথে আয় রোজগার এখনই বন্ধ করতে হবে কারণ সন্তানের সুখের জন্য যে অবৈধ টাকা আজ আমি রোজগার করতেছি এই টাকাই এক সময় পিতা-মাতাকে বৃদ্ধাশ্রমে পাঠাবে।,Abandonment,YouTube,bengali,Victim-blaming,Victim-blaming,Negative,,
C01212,আমি মনে করি ১০০% একজন ঘুষখোর অথবা সরকারি কর্মকর্তা ছিল এ কারণে তার টাকা পয়সা শেষ সময় কাজে লাগবে না। না জানি কত অসহায় মানুষের অসহায়ের সুযোগ নিয়ে মানুষকে সেবা থেকে বঞ্চিত করছে।  তাদের শেষ সময়ে এসে  এটাই হবে এটা প্রাকৃতিক নিয়ম। এটা কোন কৃষক বাবার এমন পরিণতি হবে না ইনশাল্লাহ।,Abandonment,YouTube,bengali,Victim-blaming,Victim-blaming,Negative,,
C00276,কি আর বলবো বলার কিছু নেই দোয়া করি আল্লাহর কাছে শুধুমাত্র সবচেয়ে বড় ভুল হচ্ছে সন্তানদেরকে নৈতিক শিক্ষা দেওয়া হয়নি দ্বীনি শিক্ষা দেওয়া হয়নি আজ কেন একজন কলেজের অধ্যাপক বৃদ্ধাশ্রমে থাকবেন তার মানে হলো সন্তানদেরকে ছোটবেলা থেকে মৌলিক যে শিক্ষা ছিল ধার্মিক শিক্ষা দেওয়া হয়নি,Neglect,YouTube,bengali,Victim-blaming,Victim-blaming,Negative,,
C01566,"সম্পদের সঠিক ভাগ ইসলাম অনুযায়ী না করলে এই অবস্থায় হবে। এগুলা থেকে আমাদের শিক্ষা নেওয়া উচিত, ইসলাম কত সুন্দর বিধান দিয়েছে আমাদের, যা মানলে বাবা-মায়ের কোন কষ্ট হবে না। বাবা-মা এক্স ছেলে মেয়েকে ভালোবেসে সবকিছু দিয়ে দে অন্যদের দেয় না ঠকায় এজন্যই এর পরিণতি হয়",Abandonment,YouTube,bengali,Victim-blaming,Victim-blaming,Negative,,
C01659,উচ্চশিক্ষায় শিক্ষিত করেছেন কিন্তু মানুষ করতে পারেননি একটা রিক্সাওয়ালার মা রিক্সাওয়ালা কাছেই থাকে বৃদ্ধাশ্রমে নয় কারণ ইসলামের ধ্যান ধারণা শিক্ষা যদি কোন মুসলিম পরিবারের সন্তানের না থাকে তবেই তো মা-বাবা বৃদ্ধাশ্রমে থাকে আল্লাহ পাক সকলকে বুঝার তৌফিক দান করুন আমিন,Neglect,Facebook,bengali,Victim-blaming,Victim-blaming,Negative,,
C01054,সন্তান শুধু লেখাপড়া শিখালে মানুষ হয় না। ধর্মীয় অনুভূতি বা বিশ্বাসের সাথে যদি না গড়ে তোলা যায় তাহলে তারা মনুষ্যত্ব বিহীন মানুষ হয় । তাই প্রতিটি বাবা মায়ের উচিত অনন্য শিক্ষার সাথে ধর্মীয় শিক্ষা দেওয়ার চেষ্টা করবেন। এই মায়ের জন্য আমরা কিছু করি ধন্যবাদ,Neglect,YouTube,bengali,Victim-blaming,Neutral-Other,Negative,,
C00326,আমরা তো সন্তান মানুষ করি ক্যারিয়ারের জন্য দুনিয়ার জন্য ডাক্তার ইঞ্জিনিয়ার এর জন্য আর এখনকার মা-বাবারা তো সন্তান মানুষ করে না আল্লাহ আল্লাহর রাসূলের জন্য যে সন্তান আল্লাহ আল্লাহ রাসুলের জন্য মানুষ করবে সে সন্তানের মা-বাবা কখনো বৃদ্ধাশ্রমে থাকবে না,Neglect,YouTube,bengali,Victim-blaming,Victim-blaming,Negative,,
C00279,শেষ বয়সে যদি কেউ বৃদ্ধাশ্রমে যেতে না চান তাহলে সন্তানদেরকে দ্বীন তথা ইসলাম  শিক্ষা দিন ছোটবেলা থেকেই আল্লাহকে চেনান রাসুল কে চেনান দ্বীনের  সাথে সম্পর্ক তৈরি করে দিন ইনশাআল্লাহ এই সন্তান কোনদিন মা-বাবাকে বৃদ্ধাশ্রমে পাঠাবে না ইনশাল্লাহ!,Neglect,YouTube,bengali,Victim-blaming,Victim-blaming,Negative,,
C00422,উনাকে একটা প্রশ্ন করুন — উনার পিতা মাতার প্রতি উনি কতটুকু দায়ীত্ব পালন করেছিলেন?এখন মিডিয়ার মাধ্যমে সবকিছু প্রকাশ এবং প্রচার হচ্ছে। আজ থেকে ৩০/৪০ বৎসর আগে এই সুযোগ ছিলনা তৎকালিন পিতা/ মাতা তাদের দুঃখের কথা বলারও কোন সুযোগ ছিল না।,Verbal Abuse,YouTube,bengali,Victim-blaming,Victim-blaming,Negative,,
C01161,ছেলে আমার মস্ত বড় মস্ত অফিসার। মস্ত ফ্লেটে যায়না দেখা এপার ওপার । নানা রকম জিনিস আর আসবাব দামী দামী । সবচেয়ে কম দামী ছিলাম একমাত্র আমি। ছেলেরা আবার আমার প্রতি অগাধ সম্ভ্রম । আমারই ঠিকানা তাই বৃদ্ধাশ্রম । ইসলাম না শিখানোর ফল।,Abandonment,YouTube,bengali,Victim-blaming,Victim-blaming,Negative,,
C00056,দুই নাম্বার টাকা দিয়ে পোলাপাইনকে পড়াইছে গরিবের টাকা মাইরা খাইছে সরকারি বেতন পাইছে ৩০০০০ টাকা ঘর ভাড়া দিছে ৪০হাজার টাকা ছেলে মেয়েকে পড়াইছে ভিকারুন্নেসা আইডিয়াল কলেজে মাসে খরচ হইছে ১০০০০০/১৫০০০০ টাকা কপালের লিখন যায়না খণ্ডন,Neglect,YouTube,bengali,Victim-blaming,Victim-blaming,Negative,,
C01188,হারাম টাকা দিয়া পোলাপাইন পোলাপাইন পালছে এদের তো বৃদ্ধাশ্রম এই জায়গা এদের আর কোনখানে জায়গা হইতে পারে না মানুষকে ঠকায় যে বয়সের কালে মানুষেরে পিটাইছে মানুষকে মানুষ মনে করে না আল্লাহর বিচার আছে তবে করে শেষ সময়,Abandonment,YouTube,bengali,Victim-blaming,Victim-blaming,Negative,,
C01578,এই লোকের নিজেরও দোষ আছে কারণ অনেক বাবা মারা তাদের একটি সন্তানকে অনেক সময় এত আদর করে যে অন্যান্য সন্তানদেরকে আদর থেকে বঞ্চিত করে উনিও  মনে হয় সেই  রকমই মনে হচ্ছে। উনার সন্তান কিভাবে উনার সম্পত্তি লিখে নেই?,Abandonment,YouTube,bengali,Victim-blaming,Victim-blaming,Negative,,
C00468,প্রকৃত দ্বীনি শিক্ষা না থাকলে ভবিষ্যৎ প্রজন্ম অন্ধকার। ইয়া আল্লাহ তুমি এমন সন্তান দান করো যাতে দুনিয়াতে শান্তি এবং আখেরাতে মুক্তি পেতে  পারি।আল্লাহ তুমি আমার ও আমার সন্তানের প্রতি রহমত দান করুন-আমিন।,Verbal Abuse,YouTube,bengali,Victim-blaming,Victim-blaming,Negative,,
C01493,"প্রশাসনের উচিত বড় সন্তান তার পিতার সম্পত্তি নিজের নামে লিখে নিয়েছে সেগুলো সব ভাই বোনদের মধ্যে বন্টন করে দেওয়া,আর নারী কত অভিনয় জানে ভিডিওটা তারই প্রমাণ,ওই এলাকায় সন্তান তো আমি তাই মোটামুটি সবকিছু জানি",Abandonment,YouTube,bengali,Victim-blaming,Victim-blaming,Negative,,
C01171,যারা ছেলে মেয়েকে ডাক্তার ইঞ্জিনিয়ার বানিয়ে গর্ব করে তারাই শেষ পর্যন্ত বৃদ্ধাশ্রমে থাকে কিন্তু যে বাবারা তার ছেলেকে আলেম বানাইছে ওই আলমের জান থাকা অবস্থায় তার বাবা কে কখনো বৃদ্ধাশ্রমে  পাঠাবে না,Abandonment,YouTube,bengali,Victim-blaming,Victim-blaming,Negative,,
C00689,"কোন নিরক্ষর লোকের বাপ মা, বৃদ্ধাশ্রমে থাকেনা। এর এসব ধনীরা কখনও যাকাত দেয়নাই, ছেলে মেয়েদের ইসলামি শিক্ষাও দেয়নাই। এর কারনেই এদের এই অবস্থা, আর এরা কখনও সম্পদ দানও করবেনা,ঐ ছেলে মেয়েদেরই দেবে সব।",Abandonment,YouTube,bengali,Victim-blaming,Victim-blaming,Negative,,
C01299,যত সব ফাইজলামি কথা। মানুষ নিজের জন্য জায়গা না কিনে ভাইয়ের জন্য কিনে৷ বয়স কালে যখন অর্থ ছিলো তখন  হয়তো সবার সাথে খারাপ ব্যাবহার করতো। অহংকারীকে আল্লাহ কখনোই পচন্দ করে না।বাকীটা আল্লাহ ভালো জানে।,Abandonment,YouTube,bengali,Victim-blaming,Victim-blaming,Negative,,
C00298,"ভাই এদের ব্যক্তিগত সাক্ষাৎকার না নিয়ে, এই বৃদ্ধ মানুষটি তার পিতা-মাতার সাথে কেমন আচরণ করেছিল, সেটা নিয়ে দুটো একটা প্রশ্ন করুন। তাহলে এই ব্যক্তি কেন বৃদ্ধাশ্রমে ,সেটার উত্তর আমরা পেয়ে যাব।",Neglect,YouTube,bengali,Victim-blaming,Victim-blaming,Negative,,
C00950,"Caci apni onek boro pap koresen. R sey paper fol apni passen. Apni kukur k mugur na di a, disen sonar has. Apni coto seleke kisu na dia, boro seleke 7 bigha jomi disen. Ar kono maaf nay.",Abandonment,YouTube,latin,Victim-blaming,Victim-blaming,Negative,,
C00048,এই বাবা মায়েদের জীবনের চরম ব্যর্থতা হচ্ছে সন্তানকে সুশিক্ষা শিক্ষিত না করা? এখানে সন্তানের কোনো দোষ নাই? বৃদ্ধাশ্রম এ যাদের বসবাস তাদের সন্তানরা তাদের বাবামায়ের দেওয়া শিক্ষা শিক্ষণীয়?,Neglect,YouTube,bengali,Victim-blaming,Victim-blaming,Negative,,
C00204,ভালো করে খোঁজ নিয়ে দেখেন তাঁরা কেউই তাদের সন্তানদেরকে নৈতিকতার বা দ্বীনি শিক্ষা দেইনি .. এবং নিজেদের আয় ও হালাল অর্থ উপার্জনের ব্যাপারে উদাসীন ছিলেন.. তাই তাদের আজ আকাশ ভরা তারা ।,Neglect,YouTube,bengali,Victim-blaming,Victim-blaming,Negative,,
C01531,"এই মহিলা খুব চালাক। এবং তার জন্য ফ্যামিলি ঝামেলা আসে, কারণ তিনি তার জামাই কে কু পরামর্শ দিয়ে,সম্পত্তি আত্মসাত করে..যার সূত্র থেকে আজ এই করুন পরিনতি।  আমি একজন এই এলাকার জনগণ 😊",Abandonment,YouTube,bengali,Victim-blaming,Victim-blaming,Negative,,
C01622,কুরআন হাদীস নিয়ে ব্যস্ত থাকেন আপনি সফলতা অর্জন করতে পারবেন অবশ্যই।ব ই পেপার দিয়ে নিজেকে না জরিয়ে আল্লাহর পথে আসুন। ছেলেমেয়ে দের ইসলাম শিক্ষা দিলে হয়তোবা এতো খারাপ হতো না।,Neglect,YouTube,bengali,Victim-blaming,Victim-blaming,Negative,,
C00354,বড় উচ্চ শিক্ষিত বানানোর আগে যদি ধর্মীয় শিক্ষা দিত ও শেষ বয়সে বৃদ্ধাশ্রমে যেতে হতো না তার ইঞ্জিনিয়ার হতে কোন বাধা নাই ছোটবেলা ছেলেমেয়েদেরকে ধর্মীয় শিক্ষাটা গুরুত্বপূর্ণ।,Neglect,YouTube,bengali,Victim-blaming,Victim-blaming,Negative,,
C00424,বৃদ্ধাশ্রমে যারা আছে সবাই শিক্ষিত। কিন্তু সন্তানদেরকে দীনি শিক্ষা দেয়নি ভবিষ্যতে সুখে থাকার জন্য। দীনি শিক্ষাকে হেও করতো। এখন যা পাচ্ছে এটা তাদের কামাইর ফসল। দুঃখের কিছু নাই,Verbal Abuse,YouTube,bengali,Victim-blaming,Victim-blaming,Negative,,
C00293,"31বছর এখানে এত দিন কেন, আপনি তো সচেতন মানুষ  তখন তো বয়স কম ছিলো, আমার মনে হয় তাহার জীবন সাথে তাকে কখনোই ভালো বাসি নি,তাহলে সে একা কেন, পরিবারের আর কারো কি কোন কিছু করার নেই।",Neglect,YouTube,bengali,Victim-blaming,Victim-blaming,Negative,,
C00016,অবৈধ টাকা দিয়ে ছেলে সন্তানকে মানুষ করেছে ইঞ্জিনিয়ারিং বড় চাকরি করেছেন টাকা দিয়া কেমন কেমন দ্বারা জিজ্ঞাসা করবে শরীয়ত লিখতে হয়ে যাবে ভুগতে হবে আপনার এবং আপনার সন্তানের,Neglect,YouTube,bengali,Victim-blaming,Victim-blaming,Negative,,
C00253,"এটাও একটা অভিশাপ, কারণ যৌবনে আপনারা অহংকার ও গরীব দের ঘৃণা করতেন, শুধু উচুতে উঠতে চেয়েছেন, আল্লাহ এগুলো দেখেন, আর দুনিয়তে এর একটা বিচার করেন, আল্লাহ সবাইকে মাফ করুন আমিন ❤",Neglect,YouTube,bengali,Victim-blaming,Victim-blaming,Negative,,
C00289,হাদিসে বলা হয়েছে... দ্বীন এলেম শিক্ষা করা প্রত্যেক মুসলমানের উপর ফরজ... উনাদের দেখে মনে হয়... ওনাদের সন্তানদের দ্বীনি শিক্ষা দেননি... শুধু দুনিয়াবি শিক্ষাই দিয়েছেন...,Neglect,YouTube,bengali,Victim-blaming,Victim-blaming,Negative,,
C00211,আল্লাহ সবাইকে মাফ করুক। এরা ওই ধরনের লোক যারা সন্তান্দের নিয়ে ঢাকায় থাকে। আত্নীয় দের সাথে কোন কানেকশন নেই। রিলিজিয়াস কোন একটিভিটিস নেই। অবশ্যই  অন্য অনেক কাহিনী ও আছে।,Neglect,YouTube,bengali,Victim-blaming,Victim-blaming,Negative,,
C00032,"ওই টাকা আপনি কোথায় পেয়েছেন হে, জোয়ান কালে, পরের হক মেরে,  এবং দুর্নীতি করে করে, সেই টাকা দিয়ে,  ছেলে মেয়েকে লালন পালন করেছেন,  সেখানে আর ভালো কিছু আশা করা যায় 2:38",Neglect,YouTube,bengali,Victim-blaming,Victim-blaming,Negative,,
C00656,আমার মনে হয় ইনারা যুবক বয়সে ছেলেমেয়েদের সময় দেন নি।তাই তারাও আজ সময় পাচ্ছেন না।আমি আমার পিতামাতাকে অনেক ভালবাসি কিন্তুু আমার পিতামাতা আমাকে ততোটাই অবহেলা করেছেন।,Abandonment,YouTube,bengali,Victim-blaming,Victim-blaming,Negative,,
C00677,"বেশিরভাগ মানুষ সুধের সাথে জড়িত আর সুদ নেওয়া মানে আল্লাহর সাথে যুদ্ধ করা, সুদ কে না বলুন অন্যের হক কখনোই ধ্বংস করবেন না তাহলে ইনশাআল্লাহ এই পরিণতি হবে না।",Abandonment,YouTube,bengali,Victim-blaming,Victim-blaming,Negative,,
C01155,আমার মনে হয় রাজ গরিবদেরকে সহজ সহযোগিতা করেনি এজন্য আল্লাহ তাদেরকে এই পরীক্ষা করিতেছে তাদের অপরাধ আছে তারা কেন পুলিশকে জানায়নি আইনকে আইনের আশ্রয় নেয় নাই,Abandonment,YouTube,bengali,Victim-blaming,Victim-blaming,Negative,,
C00198,অবৈধ টাকা পয়সায়  ছেলে মেয়ে মানুষ করলে এমনটাই হয়। আমারা দিন এনে দিন খাই তারপর ও মা বাবা কে মাথায় করে রাখি কারন বাবা মা অনেক কষ্ট করে আমাদের লালন পালন করছে,Neglect,YouTube,bengali,Victim-blaming,Victim-blaming,Negative,,
C00257,হে আল্লাহ মাফ করে দাও এগুলা কর্মের ফল সমাজসেবা অধিদপ্তরের মহিলাকে দেখে মনে হচ্ছে চুলের যে ভাব এখনো আপনার ছেলে মেয়ের অবস্থা তো এর চাইতেও বেশি ভয়ানক হবে,Neglect,YouTube,bengali,Victim-blaming,Victim-blaming,Negative,,
C00692,এই বুড়া চাচাকে কঠিন শাস্তি দেওয়া হউক কারন সে কেনো তার এপার্টমেন্ট বিক্রি করে না  বুড়ো হয় তো এপার্টমেন্ট বিক্রি করবে না হয়তো কোনো মসজিদে ওয়াকফা করে দিবে,Abandonment,YouTube,bengali,Victim-blaming,Victim-blaming,Negative,,
C00331,সব দোষ বুড়া গুলোর। এরা নিজেরা নিজের সব দিয়ে দেয়। তারপর সন্তানকে ভালো মানুষ করতে পারে না। যৌবনে এরা সন্তানকে  মানবিক হতে িতো না। ধনী গরিব বেদাবেদ করতো,Neglect,YouTube,bengali,Victim-blaming,Victim-blaming,Negative,,
C01609,"কোন ছেলেই চায়না বাবা মা কে বৃদ্ধাশ্রমে রাখার কিন্তু ওই যে কিছু নষ্ট বউয়ের কারণে বাধ্য হয়, ৯০% নারীদের কারণে সংসারে অশান্তি নষ্টদের কে আমি ঘৃণা করি",Neglect,YouTube,bengali,Victim-blaming,Anger/Condemnation,Negative,,"Lamia audit: condemns abuser/3rd party, not victim"
C01129,এই বৃদ্ধ ডাঃথাকা অবস্থায় না জানি কত অন্যায় সুবিধা নিয়েছিল কে জানে ঔষধ কোম্পানি থেকে ভালো করে অসহায় রোগীদের চিকিৎসাও করেনি তাই সে আজকে বৃদ্ধাশ্রমে।,Abandonment,YouTube,bengali,Victim-blaming,Victim-blaming,Negative,,
C01274,"খুব দু:খজনক।  কিন্তু এমন ছাগলামি কি কেউ করে৷  যতই ভাই হোক,  বোন কিংবা মা বাবা হোক নিজের নামে ত কিছু রাখবে।  এমন আহাম্মকের কাজ কি কেউ করে৷  💔🤦‍♂️",Abandonment,YouTube,bengali,Victim-blaming,Victim-blaming,Negative,,
C01491,এখানে অনেক জন না বুঝেই কমেন্ট করছে। এখানে ছেলেদের কোনো দোষ নেই। বাবা নিজে এর জন্য দ্বায়ি। উনি যে কাজ করছে তাতে উনার দুনিয়া আখিরাত দুটোই শেষ।,Abandonment,YouTube,bengali,Victim-blaming,Victim-blaming,Negative,,
C00682,1%হলেও নিজের জন‍্য রাখতে হয়। আপনি  রাখেননি কেন।  আজ এই পরিস্হিতির জন‍্য আপনি ই দায়ী। পশু সন্তান  কখন ও ভাবে না একদিন আমার ও এই পরিস্হিতি হবে।,Abandonment,YouTube,bengali,Victim-blaming,Victim-blaming,Negative,,
C00434,"মিথ্যা কথা,সুশিক্ষিত করলেকি,,বাবা/মা'কে, দেখাশুনা করবেন,না,বিবাহিত জিবীন শুরু, ওদেরঅত্যাচার,বেড়েযাই,তখনই সন্তানেরা,বাধ্যহয়,বাবা,মাকেঘৃনাকরতে",Verbal Abuse,YouTube,bengali,Victim-blaming,Victim-blaming,Negative,,
C00344,"এরকম শিক্ষা দিয়ে কি হবে,যারা উচ্চ শিক্ষিত হয়েছে ঠিকি কিন্তু পকৃত পক্ষে শিক্ষা তাদের মনুষ্যত্বের কোন উন্নতি ঘটায়নি,এমন শিক্ষা দিয়ে কি হবে,,",Neglect,YouTube,bengali,Victim-blaming,Victim-blaming,Negative,,
C01479,কান্নাকাটি দেখে কষ্ট লাগছে কিন্তু সন্তানকে এমন শিক্ষা দেওয়াও পিতা মাতার দ্বায়িত্ব। ধর্মের শিক্ষা না দিলে অতি আধুনিক শিক্ষার পরিনতি এমনই হয়,Verbal Abuse,YouTube,bengali,Victim-blaming,Victim-blaming,Negative,,
C01075,উনি উনার শাশুড়ির সাথে কেমন ব্যাবহার করছে উনার যৌবনের সময় জানতে ইচ্ছে করে। উনার সন্তানরা অবশ্যই বুড়া বয়সে এই দুর্যোগ পোহাবে ইনশাআল্লাহ,Neglect,YouTube,bengali,Victim-blaming,Victim-blaming,Negative,,
C01071,"অসহায় মায়ের প্রতি সালাম ও সম্মান রেখে বলছি,  আপনি যদি আপনার সন্তান দের ইসলামি শিক্ষায় শিক্ষিত করতেন তবে আজকে আপনাকে এই দিন দেখতে হতো না।",Neglect,YouTube,bengali,Victim-blaming,Victim-blaming,Negative,,
C00534,তোমার যখন ছিল তখন তুমিও মানুষকে এই খিদার কষ্ট কে কষ্ট মনে করত না তোমার স্বামী হারাম রিজিক দিয়ে ছেলেদের রক্ত গঠন করেছে তাই আজ এই অবস্থা,Neglect,YouTube,bengali,Victim-blaming,Victim-blaming,Negative,,
C00237,এজন্য প্রত্যেক বাপ-মার আগের দিন ইসলাম শিক্ষা পরে অন্য শিক্ষা সন্তানের কে দ্বীনের শিক্ষা দিয়া দিনশেষে সেটা হবে বাপ মায়ের জন্য কল্যাণকর,Neglect,YouTube,bengali,Victim-blaming,Victim-blaming,Negative,,
C01235,এর জন্য মা বাবারা দায়ী।ইসলাম শিখায় জার সম্পত্তি ইনকামের মালিক সে।কিন্তু তারাই শিখায় ভোগ করা।তাদের জন্য অনেক সন্তান ঠকেও কিছু  বলে না।।,Abandonment,YouTube,bengali,Victim-blaming,Victim-blaming,Negative,,
C01136,আমার মতে এরা সন্তানদেরকে দ্বীনি শিক্ষা দেইনি হুজুররা দীন এলেম শিক্ষার কথা বললে এই সমস্ত লোকেরা অনেকেই বলে মাদ্রাসায় পড়ে কি লাভ হবে,Abandonment,YouTube,bengali,Victim-blaming,Victim-blaming,Negative,,
C00223,তাদের এরকমই হবার কথা ছিল বাংলাদেশের সরকারি কর্মচারী কর্মজীবীরা তারা জনগণের পয়সা মেরে খায় দুর্নীতি করে এজন্যই তাদের আজকের এই অবস্থা,Neglect,YouTube,bengali,Victim-blaming,Victim-blaming,Negative,,
C00381,"এই বৃদ্ধটাও তার পিতা মাতার সাথে এমন কোন ব্যাবহার করছে, যার কারণে তার আজ  এমন।না বুঝি দুনিয়া না বুঝি তোমায়, আমার কি দোষ খালি পাপ জমাই",Verbal Abuse,YouTube,bengali,Victim-blaming,Victim-blaming,Negative,,
C01282,"ভদ্রলোক গণিতে কাচা, আর একটা বাণীর কোন অল্টারনেটিভ নেই "" বোকাদের জন্য এই পৃথিবী না"" বিশেষ করে বাংলাদেশের জন্য তো এটা ১০০ থেকে ১০০...",Abandonment,YouTube,bengali,Victim-blaming,Victim-blaming,Negative,,
C00218,"এনাদের সন্তানেরা বড় প্রতিষ্ঠানে পড়েছে,প্রতিষ্ঠিত হয়েছে,প্রচুর অর্থের মালিক হয়েছে কিন্তু মনুষ্যত্বস্বম্পন্ন প্রকৃত মানুষ হতে পারেনি।",Neglect,YouTube,bengali,Victim-blaming,Victim-blaming,Negative,,
C00049,"বাবা, মায়ের দরকার সন্তানদের সুশিক্ষায় শিক্ষিত করা দরকার। ভালো মানুষ বানানো উচিত জিপিএ ফাইভ এর দরকার নাই। ভালো মানুষ হওয়া দরকার",Neglect,YouTube,bengali,Victim-blaming,Victim-blaming,Negative,,
C01399,অযোগ্য শিক্ষক। তার সন্তান দের নৈতিক শিক্ষা দিতে পারেনি। তার জামাইয়রা লোভী। সত্য তা  যাচাই করে বিচারের আওতায় আনা উচিত। ধন্যবাদ।,Verbal Abuse,YouTube,bengali,Victim-blaming,Victim-blaming,Negative,,
C00993,"Deen islam shiqqa diya shontak ke tulle insha Allah ma baba duniya shanti or akhir shanty, bangldeshe shudu jomin jaga, shompot",Abandonment,YouTube,latin,Victim-blaming,Neutral-Other,Negative,,
C00357,কেমন মানুষ করেছে এইটা উনাকে দেখলেই বুঝা যায়।৮৬বৎসর বয়সেও গোফের যে সাইজ আর যৌবনে কেমন ছিল আর ছেলে মেয়েদের কেমন মানুষ করেছে?,Neglect,YouTube,bengali,Victim-blaming,Victim-blaming,Negative,,
C00405,"How mentally he tortured his sons,do you know that?It needs two hands in order to make a clap.Don't judge him by it's cover.",Verbal Abuse,YouTube,latin,Victim-blaming,Victim-blaming,Negative,,
C00212,"যৌবন কালে গরীবদের ঘৃনা করতেন, সন্তানদের ইসলামের সুন্দর শিক্ষা দেন নাই। এগুলো নিজের কাজের ফসল।আল্লাহ পাক সবাইকে ভালো রাখুক।",Neglect,YouTube,bengali,Victim-blaming,Victim-blaming,Negative,,
C00446,এখানে একটা বিদ্যালয় ও গরিবের বাবা মা নাই এজন্য ছেলের জন্য বস্তা ভরে টাকা না রাখে তাকে সুশিক্ষায় শিক্ষিত করেন অভাব শেখান,Verbal Abuse,YouTube,bengali,Victim-blaming,Victim-blaming,Negative,,
C00860,ছেলে  একটা  জানোয়ার।  কোন সন্দেহ  নেই। কিন্তু  খোঁজ  নিয়ে  দেখেন  মা  তার  যৌবন এ  তার শাশুড়ি র  কতটা  সেবা  করে ছিল ?,Physical Abuse,YouTube,bengali,Victim-blaming,Victim-blaming,Negative,,
C00235,ইসলাম ও ঈমাণ থেকে যে যতটুকু সরে যায় সে ততটুকু নিঃসঙ্গ হয়ে যায়। দুঃখের বিষয় এই সময়ে এসেও উনারা এই উপলব্ধিটা করতে পারছে না।,Neglect,YouTube,bengali,Victim-blaming,Victim-blaming,Negative,,
C01133,সব দোষ ওইসব বাবা-মাদের যারা সন্তানদেরকে ইসলামী শিক্ষায় শিক্ষিত করে না না করার কারণে শেষ বয়সে এসে বৃদ্ধাশ্রম কাটাতে হয়,Abandonment,YouTube,bengali,Victim-blaming,Victim-blaming,Negative,,
C00227,হারাম উপার্জন করলে সেটা সন্তানদের উপর প্রভাব ফেলে। আল্লহর অবাধ্যতা করলে আল্লাহ সন্তান ও গবাদি পশুদেরও অবাধ্য করে দেন।,Neglect,YouTube,bengali,Victim-blaming,Victim-blaming,Negative,,
C00407,সন্তানদের কোরআন এবং হাদিসের শিক্ষা না দিলে বয়সের শেষ প্রান্তে এসে এমন লান্চনার শিকার হতে হবে।এটা অস্বাভাবিক কিছুই নয়।,Verbal Abuse,YouTube,bengali,Victim-blaming,Victim-blaming,Negative,,
C00287,"বৃদ্ধা আশ্রমে যদি থাকতে না চান শেষ বয়সে, তাহলে সন্তানদেরকে প্রথম থেকেই অর্থাৎ বাচ্চা বয়স থেকেই ধর্মীয় শিক্ষা দিন।",Neglect,YouTube,bengali,Victim-blaming,Victim-blaming,Negative,,
C00690,"যাকাত দাও নাই, ছেলে মেয়েকে ইসলামি শিক্ষাও দেওনাই। আর এতো কিছুর পরেও নিজের সম্পদ দান করবেনা, সব ছেলে মেয়েদেরই দিবেন।",Abandonment,YouTube,bengali,Victim-blaming,Victim-blaming,Negative,,
C00299,"ওনি নিজেও মানুষ না,  ওনার ছেলে মেয়েদেরও মানুষ করতে পারেন নাই 👍উনার কথা ভালোভাবে শুনলে, উনারেও ভালো মানুষ মনে হয়না 👍",Neglect,YouTube,bengali,Victim-blaming,Victim-blaming,Negative,,
C00555,কেন এই লোকের কি ভাইভাতিজা নাই যখন ইনকাম করছে তখন আত্মীয়-স্বজনকে  চিনে নাই এখন বৃদ্ধ বয়সে নিতে হয় পুলিশের সাহায্য,Verbal Abuse,YouTube,bengali,Victim-blaming,Victim-blaming,Negative,,
C00011,আমি বলছি সন্তানদের দোষ নয় যে মা বাবা দুনিয়ার লোভে পরে ছেলে মেয়েদের দুনিয়া শিক্ষা দিয়েছে এদের দোষ যেমন কর্ম তেমন ফল,Neglect,YouTube,bengali,Victim-blaming,Victim-blaming,Negative,,
C00245,যাদের জীবনে এমন ঘটনা ঘটছে তাদের অতীত জীবন নিয়ে একটু ভেবে দেখো তোমরা😂😂😂এরাও তাদের অতীতে এমন ইতিহাসের স্বাদ আছে😅😅,Neglect,YouTube,bengali,Victim-blaming,Victim-blaming,Negative,,
C00714,Koster bisoi briddsrome thaka odhikangsoi valo familyr manush uccho sikkhito. Othocho tader shontanera amon aha,Abandonment,YouTube,latin,Victim-blaming,Victim-blaming,Negative,,
C01670,উচ্ছৃংখল মায়ের উচ্ছৃংখল সন্তান জন্ম দেওয়াই পিতার জন্য অভিশাপ। আইন তার সিদ্ধ হস্ত দমন করুক এই কিশোর গ্যাংদের।,Physical Abuse,Facebook,bengali,Victim-blaming,Victim-blaming,Negative,,
C00843,সন্তান দের ছোট বেলায়  পারিবারিক ও ইসলামি শিক্ষা দিতে পারেন নি মনে হচ্ছে আমার। নতুবা এ রকম অবস্থা হওয়ার কথা নয়।,Physical Abuse,YouTube,bengali,Victim-blaming,Victim-blaming,Negative,,
C00207,এদের নিজেদের ব্যাবহারে কারনেই এরা এখানে। এরা মিলে মিশে থাকতে পারে না বলেই আজ এরা পরিবার ও আত্মীয়দের থেকে দুরে।,Neglect,YouTube,bengali,Victim-blaming,Victim-blaming,Negative,,
C01292,"আসলে উনি মানুষিক রুগী.. তাছাড়া এমন হওয়ার কথা না....আপনি স্বাভাবিক বুদ্ধিমান হলে, কেউ সব মেরে খেতে পারবে না...",Abandonment,YouTube,bengali,Victim-blaming,Victim-blaming,Negative,,
C00356,"★ রিটায়ার্ডের ৫ বছর পরে বুঝতে শিখেছে। ★ সরকার বন্ধ করে দাও, সরকার মানেই টাউড, এরা যে অযোগ্য অসৎ 420 বুঝেই না।",Neglect,YouTube,bengali,Victim-blaming,Victim-blaming,Negative,,
C00314,"এমনতো হতে পারে ওনিও ওনার বাবা-মায়ের সাথে এমন কিছু করেছে, তার জন্য ওনার ছেলেও এমন করছে,তবে আল্লাহ ভালো জানে,,",Neglect,YouTube,bengali,Victim-blaming,Victim-blaming,Negative,,
C00015,আপনার ৫৪ লক্ষ টাকা দিছেন আপনি কয় টাকা স্যালারি পাইছেন আবার কান্দেন মানুষের হক নষ্ট করেছেন এভাবে যারা করেছে।,Neglect,YouTube,bengali,Victim-blaming,Victim-blaming,Negative,,
C01221,ইংলিশ মিডিয়াম স্কুলের ছেলেদের পড়িয়েছ সুখে থাকার জন্য কিন্তু যদি একটা মসজিদের ইমাম বানাতে এমন দুঃখ হতো না,Abandonment,YouTube,bengali,Victim-blaming,Victim-blaming,Negative,,
C00862,Kuno alim (mawlana)r ma Baba biddasrom a takena..ojotne takena.....shontander dini shikkay shikkitw korun..,Physical Abuse,YouTube,latin,Victim-blaming,Victim-blaming,Negative,,
C01148,"আমাদের সমাজে নৈতিক শিক্ষা, সামাজিক শিক্ষা , পারিবারিক শিক্ষার আর ধর্মীয় শিক্ষার অভাবে আজ এই ভয়াবহ অবস্থা।",Abandonment,YouTube,bengali,Victim-blaming,Victim-blaming,Negative,,
C01518,"উনি সঠিক  কাজ করেন নি,বএক ছেলেকে ভালোবেসে  সমস্থ সম্পত্তি  দিয়েছে। বাবাও ঠিক  করে  নাই, ছেলেরাও কুলাঙ্গার।",Abandonment,YouTube,bengali,Victim-blaming,Victim-blaming,Negative,,
C00254,বড় বড় প্রতিষ্ঠানে পড়ে তারা ডিগ্রী  অর্জন করে মানুষ হয় না।কারণ  সেখানে  আধুনিক করে তোলে। ধার্মিক করে না।,Neglect,YouTube,bengali,Victim-blaming,Victim-blaming,Negative,,
C00833,আর এরকম লোকজন এর এরকম হওয়াই উচিত জিবন দশায় জমি জায়গা লেখে দিবার কি দরকার মরে গেলে যে যার ভাগ আইনে দিবে,Physical Abuse,YouTube,bengali,Victim-blaming,Victim-blaming,Negative,,
C01032,টাকা ইনকাম করার জন্য সব  শিক্ষা দিয়েছ। মানুষ হওয়ার শিক্ষা দিতে পারেনি। বৃক্ষ তোমার নাম কি ফলেই পরিচয়।,Neglect,YouTube,bengali,Victim-blaming,Victim-blaming,Negative,,
C01586,"যেভাবে সন্তান মানুষ করছে, সেভাবেই তারা বড় হইছে। সারাজীবন ইনকাম করছে, ছেলেদের কুরআন শিক্ষা কতোটুকু দিছে?",Abandonment,YouTube,bengali,Victim-blaming,Victim-blaming,Negative,,
C01575,নিজের সম্পত্তি কি করেছেন উনি?এক ছেলে কে লিখে দিয়ে সে নিজেই বেঈমানি করেছে আর তার ফল হাতে নাতে পেয়েছে।,Abandonment,YouTube,bengali,Victim-blaming,Victim-blaming,Negative,,
C00020,"জীবনে প্রচুর ঘুস খাওয়ার ফলাফল, কিছুই করার নেই। ঠিক এই ভাবেই সাধারণ মানুষদের চোখ দিয়ে পানি ছড়িয়েছে।",Neglect,YouTube,bengali,Victim-blaming,Victim-blaming,Negative,,
C01461,মেয়েরা বলে বাবা প্রিয় হয় উনি  একজন শিক্ষক উনার মেয়েদেরকেই শিক্ষা দিয়ে ভালো মানুষ বানাতে পারেন নাই,Verbal Abuse,YouTube,bengali,Victim-blaming,Victim-blaming,Negative,,
C00335,Kormer fol hoyto....unar otit ta ekto ghete dekhen...dekhben uni o unar maa Babar Sathe emon koresen.,Neglect,YouTube,latin,Victim-blaming,Victim-blaming,Negative,,
C00221,"যেমন কর্ম তেমন ফল এটা হওয়াটাই স্বাভাবিক। কারণ এরা ধর্মীয় শিক্ষা দেয় নাই, তাহলে ওইটা আশা করে কিভাবে",Neglect,YouTube,bengali,Victim-blaming,Victim-blaming,Negative,,
C00721,এই মূরূববি খরচ বাচাতে এখানে থাকে অনেক চালো ওনাকে বলেন ফালাট বিক্রি করে বৃদদা আচরমে দিতে  ওনি দিবে না,Abandonment,YouTube,bengali,Victim-blaming,Victim-blaming,Negative,,
C01713,আলহামদুলিল্লাহ। পরের পরিবারের উপর জুলুম যেমন শিখানো হইছে তা করছতেছে এখন।।পাপ বাপকে ছাড়েনা।প্রমানিত।,Physical Abuse,Facebook,bengali,Victim-blaming,Victim-blaming,Negative,,
C01254,ইংলিশ মিডিয়ামে না পড়িয়ে যদি সাধারণ স্কুল অথবা মাদ্রাসায় পড়াতো তাহলে আজ এই পরিণতি দেখতে হতো না।,Abandonment,YouTube,bengali,Victim-blaming,Victim-blaming,Negative,,
C00928,আজকে যদি ছেলেদের মাদ্রাসার পড়া লেখা করিয়ে আলেম বা হাফেজ মাওলানা বানাতেন তাহলে এমটা কখনো হতে না।,Physical Abuse,YouTube,bengali,Victim-blaming,Victim-blaming,Negative,,
C00240,সন্তানরা পড়ালেখা করে ডিগ্রী পাইছে। অথচ মানুষ হতে পারেনি। বড়ই আফসোস আল্লাহ পাক হেদায়েত দান করো।,Neglect,YouTube,bengali,Victim-blaming,Victim-blaming,Negative,,
C00387,বাংলাদেশের বৃদ্ধাশ্রম বন্ধ করা উচিত৷ সাথে সাথে সন্তানদেরকে ইসলামিক শিক্ষাদানের শিক্ষিত করতে হবে ❤,Verbal Abuse,YouTube,bengali,Victim-blaming,Victim-blaming,Negative,,
C00661,ধন্যবাদ চাচা আপনার বাড়িতে আপনার জায়গা হবে না এটা তো স্বাভাবিক বাঁশি আছেন আল্লাহ আল্লাহ করে জান,Abandonment,YouTube,bengali,Victim-blaming,Victim-blaming,Negative,,
C00322,Kiser jai dekhen oder poriber islamkay pisondho korto na.ekhun dunia o akhwrat a lanot piresay.,Neglect,YouTube,latin,Victim-blaming,Victim-blaming,Negative,,
C01595,ছেলে মেয়েদের বেশি উচ্চশিক্ষিত করার এর পরিণাম..তখন আর তাদের কাছে সম্মান শ্রদ্ধা ভালবাসা থাকে না,Neglect,YouTube,bengali,Victim-blaming,Victim-blaming,Negative,,
C00190,এই কারণে লোকে বলে ছেলে মেয়েকে শিক্ষিত করেন এমন শিক্ষিত করবেন না যারা ভবিষ্যতে আপনাকে দেখবে না,Neglect,YouTube,bengali,Victim-blaming,Victim-blaming,Negative,,
C00343,এটা একটা বুইড়া খাটাস নিজের জীবনের সাথে মিলিয়ে সন্তানদের গঠন করেছে তার সুফল ৩০বছর ধরে ভোগ করছে।,Neglect,YouTube,bengali,Victim-blaming,Victim-blaming,Negative,,
C01565,"প্রতিটি ঘরে এমন বাবা-মা আছে যারা এক সন্তানকে ভালোবাসে অন্যদেরকে ঠকায়, পরে এই পরিনতি দেখতে হয়",Abandonment,YouTube,bengali,Victim-blaming,Victim-blaming,Negative,,
C01197,হালাল ভাবে ইনকাম করে ছেলে মেয়েদের মানুষ করতে পারে নি।হালাল ইনকাম করুন ছেলে মেয়েরা মানুষ হবে।,Abandonment,YouTube,bengali,Victim-blaming,Victim-blaming,Negative,,
C00495,শশুর শাশুড়ির সাথে কেমন ব্যবহার করেছেন। তার ফল নয় তো!  তারপরেও অভিশাপ আপনার এই সন্তানদের উপর,Neglect,YouTube,bengali,Victim-blaming,Victim-blaming,Negative,,
C00236,সারাজীবন বদমায়েশী করে কাটিয়েছে৷ সন্তানদের ধর্মীয় মূল্যবোধ শেখায়নি৷ নিজের পুটকি নিজেই মেরেছে৷,Neglect,YouTube,bengali,Victim-blaming,Victim-blaming,Negative,,
C00284,চারুকলা  শিল্পীদের মধ্যে অধিকাংশই হয় ইসলামবিদ্বেষী এই জন্য তাদের কপালে অনেক দুঃখ থাকতে পারে,Neglect,YouTube,bengali,Victim-blaming,Victim-blaming,Negative,,
C01555,বাবা মায়েরও উচিত সন্তানকে ইসলামি শিক্ষায় শিক্ষিত করা। নয়তো বুড়া বয়সে বৃদ্ধাশ্রমেই থাকতে হবে।,Abandonment,YouTube,bengali,Victim-blaming,Victim-blaming,Negative,,
C00333,ইনি ঘাড়তেড়া খুব।কথাবার্তা শুনে বোঝা যায়।হয়তো সংসারে সন্তানদের সাথে অশান্তি করে তাই এখানে,Neglect,YouTube,bengali,Victim-blaming,Victim-blaming,Negative,,
C00352,আপনার মাধ্যমে জানতে চাই তার বাপ মাকে সে দেখেছেন যদি দেখেন তাহলে তার এই অবস্থা হওয়ার কথা না,Neglect,YouTube,bengali,Victim-blaming,Victim-blaming,Negative,,
C01589,প্রথম আলোর মতিরা তো এদেশে এমন সন্তান তৈরীতে ব্যস্ত।  ধর্ম শিক্ষা না দিলে যা হওয়ার তাই হবে 😢,Neglect,YouTube,bengali,Victim-blaming,Victim-blaming,Negative,,
C01611,বাবার ওইটুকু কথা হজম করে বাসা ফিরে যাওয়া উচিত ছিল এটাও বাবার কর্তব্য। যদিও ছেলেও ভুল করেছে,Neglect,YouTube,bengali,Victim-blaming,Victim-blaming,Negative,,
C00202,খোজ নিয়ে দেখেন উনারা উনাদের বাবা মা শশুর শাশুড়ীর সাথে কি আচরণ করেছেন? এটা এক প্রকার কর্মফল।,Neglect,YouTube,bengali,Victim-blaming,Victim-blaming,Negative,,
C00325,তার কর্মফল সে তার মা বাবার দেখাশোনা করেছে কী?একমাত্র সুসন্তানই ইহকাল ও পরকালে উপকারে আসে।,Neglect,YouTube,bengali,Victim-blaming,Victim-blaming,Negative,,
C01295,"স্ত্রী, সন্তান কে বিশ্বাস না করে তাদের ফকির বানিয়ে ভাইকে সব দিয়েছেন এখন তার ফল ভোগ করেন।",Abandonment,YouTube,bengali,Victim-blaming,Victim-blaming,Negative,,
C00269,এদেরকে বাংলা মিডিয়ামে ইংলিশ মিডিয়ামে অমানুষ গড়েছে দ্বীন শিক্ষা দেয় নাই তাই এই পরিণতি,Neglect,YouTube,bengali,Victim-blaming,Victim-blaming,Negative,,
C00043,তেতো হলে ও একটা সত্য হলো এই পরিনতির জন্য তাদের ও দোষ ছিলো।দ্বীনি শিক্ষা দেয়নি সন্তানদের।,Neglect,YouTube,bengali,Victim-blaming,Victim-blaming,Negative,,
C00323,"এই লোকের মত ত ব্যকগ্রাউন্ড চেক করে দেখলে হয়তো তার বাপ মা কে গ্রামে রেখে আসছে, তার ফলাফল",Neglect,YouTube,bengali,Victim-blaming,Victim-blaming,Negative,,
C00317,ছেলে মেয়ে অশিক্ষিত হলেই মনে হয় ভালো হয় শিক্ষিত করে লাভ কি বাবা যদি বৃদ্ধাশ্রমে থাকে।,Neglect,YouTube,bengali,Victim-blaming,Victim-blaming,Negative,,
C00086,"কুরআনের শিক্ষার অভাব , আজ প্রত্যেকটা বাবা মার উচিত ছেলে মেয়েকে কুরআনের শিক্ষা দেওয়ার।",Neglect,YouTube,bengali,Victim-blaming,Victim-blaming,Negative,,
C00990,Boro vai ato kosto kore ki pailo tahole .ma to choto cheler pokhkho nia miththa boltise,Abandonment,YouTube,latin,Victim-blaming,Victim-blaming,Negative,,
C00327,এই জন্যেই ছেলেমেয়েদের ধর্মীয় শিক্ষাটা দেওয়া জরুরি। আল্লাহ এমন করুন পরিনতি কারও না করুক।,Neglect,YouTube,bengali,Victim-blaming,Victim-blaming,Negative,,
C00197,sikkhito korte jeye manush korte bhule geche.haram income will bite you back like this,Neglect,YouTube,latin,Victim-blaming,Victim-blaming,Negative,,
C00249,"বয়স হয়েছে, এখনো পর্দা করেন না। আল্লাহর রহমত  কিভাবে আসবে। যার যার ধর্ম অনুযায়ী চলুন।",Neglect,YouTube,bengali,Victim-blaming,Victim-blaming,Negative,,
C00213,গরিব মধ্য বিত্ত গর বাবা মা বাড়িতেই থাকে সন্তানের সাথে। কারণ তারা যে উচ্চ শিক্ষিত না।,Neglect,YouTube,bengali,Victim-blaming,Victim-blaming,Negative,,
C01386,এখন কার বৌয়েরা শাশুড়ি কে সয্য করতে পারেন না তারা শুধু নিজের মা বাবা কে নিয়ে বেসত্,Neglect,YouTube,bengali,Victim-blaming,Victim-blaming,Negative,,
C00423,"আফসোস ,শিক্ষিত পরিবার গুলোর মা বাবা বেশি বৃদ্ধাশ্রমে! হাহ...নৈতিক শিক্ষার কত অভাব😢😢",Verbal Abuse,YouTube,bengali,Victim-blaming,Victim-blaming,Negative,,
C00683,"Everyone need Islamic education, legal income, no corruption makes happy 😁 family 😂",Abandonment,YouTube,latin,Victim-blaming,Neutral-Other,Negative,,
C01401,"Selem master Nejjer basaa manosh naa kore, 2 Taa kotter bassa palleonek balo hoto,,",Verbal Abuse,YouTube,latin,Victim-blaming,Victim-blaming,Negative,,
C00051,Prottekr joboney goriber hok adai kora ucith.nahoy amon pol sobair vog korte hobe,Neglect,YouTube,latin,Victim-blaming,Victim-blaming,Negative,,
C00079,😢😢😢😢😢😢😢সন্তান কে সু শিক্ষায় শিক্ষিত করেছেন কিন্তু সু মানুষ করতে পারেন নাই 😢😢😢😢😢😢😢,Neglect,YouTube,bengali,Victim-blaming,Victim-blaming,Negative,,
C00324,শিক্ষিত মানুষের বাবা মা বৃদ্ধাশ্রম এ থাকে কোন মূর্ক ছেলেমেয়ের বাপ মা ককনো তাকে না,Neglect,YouTube,bengali,Victim-blaming,Victim-blaming,Negative,,
C00349,ছবি আঁকা কোন লাভ নাই লাভ নেই দাদা আস্তাগফিরুল্লাহ দরুদ শরীফ পাঠ করো আল্লাহকে ডাকো,Neglect,YouTube,bengali,Victim-blaming,Victim-blaming,Negative,,
C01307,দুই ছেলেকে ইংলিশ মিডিয়ামে না পড়িয়ে মাদ্রাসায় পড়ালে আজকে এই দিন দেখতে হতো না,Abandonment,YouTube,bengali,Victim-blaming,Victim-blaming,Negative,,
C00251,😂😂😂😂 ওরা ওদের বাবা মায়ের সাথে একদিন অসাদ আচারন করে ছিলো অস্বাভাবিক কিছু নয় 😂😂😂,Neglect,YouTube,bengali,Victim-blaming,Victim-blaming,Negative,,
C00203,"সারাজীবন ইসলামের বিপক্ষে ছিলেন, ছেলে মেয়ে কে আধুনিক শিক্ষা দিছেন এখন কেন অভিযোগ",Neglect,YouTube,bengali,Victim-blaming,Victim-blaming,Negative,,
C00077,"প্রাতিষ্ঠানিক শিক্ষার চেয়ে, ইসলামিক শিক্ষা, মামবিক ইনসাফের শিক্ষা অত্যন্ত জরুরী",Neglect,YouTube,bengali,Victim-blaming,Neutral-Other,Negative,,
C00328,"সন্তানকে সুশিক্ষিত ও নৈতিক শিক্ষা না দেওয়ার ফল,নিজের কর্মের কিছু ফল ভোগ করতে হয়",Neglect,YouTube,bengali,Victim-blaming,Victim-blaming,Negative,,
C01144,ঢাক মেডিক্যালে মানে অনেক হারাম পয়সাই খাওয়াই মানুষ কোরছে ছেলেদের  তাই এই অবস্থা,Abandonment,YouTube,bengali,Victim-blaming,Victim-blaming,Negative,,
C00538,আজ।যদি আপনি ছেলেকে শিক্ষিত না বাণী সুশিক্ষিত বানাতেন আজ আপনাদের পরিণত হইতো না😢,Neglect,YouTube,bengali,Victim-blaming,Victim-blaming,Negative,,
C01478,মেয়ে মানুষটা নিষ্ঠুর কম হয় মেয়েকে ভালো শিক্ষা দেয়নি হয়তো হয়তো বেপরোয়া,Verbal Abuse,YouTube,bengali,Victim-blaming,Victim-blaming,Negative,,
C00069,এগুলো বুড়া হয়ে ভালো হওয়ার ভান ধরছে। যৌবনে গিয়ে দেখো তার মা- বাবাকে দেখতো না।,Neglect,YouTube,bengali,Victim-blaming,Victim-blaming,Negative,,
C00268,উচ্চ শিক্ষা নিয়ে কি লাভ নিজের জন্মদাতা বাবা মাকে সম্মান করতে ব্যর্থ হই।।।।,Neglect,YouTube,bengali,Victim-blaming,Anger/Condemnation,Negative,,"Lamia audit: condemns abuser/3rd party, not victim"
C01412,চাচায় সবাইকে শিক্ষা দিছে শুধুমাত্র নিজের ২ মেয়েকে সুশিক্ষিত করতে পারলো না,Verbal Abuse,YouTube,bengali,Victim-blaming,Victim-blaming,Negative,,
C01151,ঠিক আছে।। এসব লোক যৌবন কালে মানুষ দের অনেক ঠকাইছে।।পাপ বাপকেও ছাড়ে না।।🎉,Abandonment,YouTube,bengali,Victim-blaming,Victim-blaming,Negative,,
C00271,"হাহাহা, এটাই তো হওয়ার কথা ছিল অনিমেষ, যখন প্রয়োজন ছিল তখন কি করেছিলে।",Neglect,YouTube,bengali,Victim-blaming,Victim-blaming,Negative,,
C00687,আমি একটা জিনিস খুব লক্ষ করছি যারা বৃদ্ধাশ্রমে আছে তারা সবাই শিক্ষিত লোক,Abandonment,YouTube,bengali,Victim-blaming,Victim-blaming,Negative,,
C00374,এ জন্যে মা বাবার কর্তব্য সন্তান কে ধর্মীয় শিক্ষায় বেশি প্রাধাণ্য দেওয়া।,Verbal Abuse,YouTube,bengali,Victim-blaming,Victim-blaming,Negative,,
C00263,"যাকাত দেইনাই,  দানও হয়তো করিনাই,  নামাজ কালাম হয়তো শেখাই নাই, সন্তানদের",Neglect,YouTube,bengali,Victim-blaming,Victim-blaming,Negative,,
C00503,"সন্তানকে দ্বীনি এলেম শিক্ষা দেন -তাহলে আর এমন পরিণতি ভোগ করা লাগবে না,",Neglect,YouTube,bengali,Victim-blaming,Victim-blaming,Negative,,
C00071,যতো যায় বলুন আপনি পিতা হিসেবে ব্যার্থ। সন্তানদের দ্বীন শিক্ষা দেন নাই।,Neglect,YouTube,bengali,Victim-blaming,Victim-blaming,Negative,,
C00302,নিশ্চয়ই উনি উনার বাবার সাথে এমন আচরন করছে যার কারণে আজ তার ফল পাচ্ছেন,Neglect,YouTube,bengali,Victim-blaming,Victim-blaming,Negative,,
C01452,"অতি হিসেবের এই অবস্থা ।। উনার মাথা ঠিক নেই, তিনি টাকা দিয়ে কি করবেন?",Verbal Abuse,YouTube,bengali,Victim-blaming,Victim-blaming,Negative,,
C00182,"আমরা শুধু ছেলেমেদের দোষ ধরি ,  আমাদের দোষ থাকতে পারে  এটা মনে করিনা",Neglect,YouTube,bengali,Victim-blaming,Victim-blaming,Negative,,
C00194,এরা ইয়ং বয়সে সরকারী এক একটা চোর ছিল।। তাই হারামের টাকায় এ অবস্থা,Neglect,YouTube,bengali,Victim-blaming,Victim-blaming,Negative,,
C00984,যেটুকু বুঝলাম সকল দোষই মায়ের । তাকে সসম্মানে আইনের আওতায় আনা হোক ।,Abandonment,YouTube,bengali,Victim-blaming,Victim-blaming,Negative,,
C00208,সারা জীবন ঘুষ দূর্নীতি অনিয়ম করে কি লাভ যদি বৃদ্ধাশ্রমে থাকতে হয়,Neglect,YouTube,bengali,Victim-blaming,Victim-blaming,Negative,,
C00697,বিদ্ধাআস্রমে তো অশিক্ষিত লোক দেখলাম না। ধিক্কার জানাই এই শিক্ষার।,Abandonment,YouTube,bengali,Victim-blaming,Victim-blaming,Negative,,
C00303,ওটা আপনার প্রাপ্য ছিল আপনি আপনার সন্তানকে হালাল টাকা খাওয়ার নাই,Neglect,YouTube,bengali,Victim-blaming,Victim-blaming,Negative,,
C00662,বৃদ্ধাশ্রম থেকে মুক্তির উপায় ইসলামী আইনে সন্তানদের শিক্ষা দেয়া।,Abandonment,YouTube,bengali,Victim-blaming,Victim-blaming,Negative,,
C01309,Uni nijer dayitter kotha bolenna...shudu bunderkei dushi korche,Neglect,YouTube,latin,Victim-blaming,Victim-blaming,Negative,,
C00252,এমন চিন্তা আগে ঠিক না করার মাশুল এখন বসে বসে আফসোস করে লাভ নাই।,Neglect,YouTube,bengali,Victim-blaming,Victim-blaming,Negative,,
C01291,ছেলেদের যদি আরবি শিক্ষা দিতো তা হলে হয়তো আজ এমন অবস্থা হতো না।,Abandonment,YouTube,bengali,Victim-blaming,Victim-blaming,Negative,,
C01329,মেয়েরা বিয়ের পরে বাপের বাড়িতে আসে শুধু সুবিধা ভোগ করার জন্য,Neglect,YouTube,bengali,Victim-blaming,Victim-blaming,Negative,,
C00181,প্রত্যেক পিতামাতার উচিত সূরা লোকমানের আলোকে সন্তানদের গঠণ করা।,Neglect,YouTube,bengali,Victim-blaming,Neutral-Other,Negative,,
C00023,ওনারও সম্ভবত ওনাদের বাবা মাকে করেনি তাই প্রকৃতির উপহার পেয়েছেন,Neglect,YouTube,bengali,Victim-blaming,Victim-blaming,Negative,,
C01215,শিক্ষিত  হইলেও ধর্মীয় ও নৈতিক শিক্ষার অভাব রয়েছে তাই এই অবস্থা,Abandonment,YouTube,bengali,Victim-blaming,Victim-blaming,Negative,,
C00336,Lack of religion education. His kids already have bought hell.,Neglect,YouTube,latin,Victim-blaming,Victim-blaming,Negative,,
C00737,"বুড়া খুব মেজাজী মনে হয়, কারো সাথে মেলে না, ওনার সমস্যা আছে ।",Abandonment,YouTube,bengali,Victim-blaming,Victim-blaming,Negative,,
C00436,ছেলেমেয়েদেরকে শিক্ষিত না বানিয়ে নৈতিক শিক্ষাটা দেওয়া জরুরী,Verbal Abuse,YouTube,bengali,Victim-blaming,Neutral-Other,Negative,,
C01616,নিজে শিক্ষক হয়ে নিজের সন্তানদেরকে সঠিকভাবে মানুষ করতে পারেনি,Neglect,YouTube,bengali,Victim-blaming,Victim-blaming,Negative,,
C00266,হারাম উপার্জনে শেষ পরিণতি ভয়াবহ হয় ।যা দুনিয়ায় দেখে যেতে হয়,Neglect,YouTube,bengali,Victim-blaming,Victim-blaming,Negative,,
C01121,নষ্ট  চরিত্রে লোক ছিলো তারা আজ চি থু লজ্জা লাগে না 😅😮😢😂চি থু,Neglect,YouTube,bengali,Victim-blaming,Victim-blaming,Negative,,
C00991,Ma hoye dui chokhe sontan der dakhle to ma  er arokom e hobe,Abandonment,YouTube,latin,Victim-blaming,Victim-blaming,Negative,,
C01548,সঠিক সময়ে সন্তানকে শিক্ষা না দিলে ভবিষ্যৎ প্রজন্ম এমনই হবে।,Abandonment,YouTube,bengali,Victim-blaming,Victim-blaming,Negative,,
C01276,অলস মার্কা লোক ব্যবসায়ী মানুষ কখন রাস্তাঘাটে থাকতে পারে না,Abandonment,YouTube,bengali,Victim-blaming,Victim-blaming,Negative,,
C01683,মানুষের মধ্যে যদি ইসলামের শিক্ষা না থাকে তাহলে এই রকমই হবে।,Physical Abuse,Facebook,bengali,Victim-blaming,Victim-blaming,Negative,,
C00232,Jodi manoser jonno ora kiso korto tahole ajke amon hoto na,Neglect,YouTube,latin,Victim-blaming,Victim-blaming,Negative,,
C01435,এই বয়সে ৪২ লক্ষ টাকার রাকার দরকার কি?  সালাসিয়া না বুড়া,Verbal Abuse,YouTube,bengali,Victim-blaming,Victim-blaming,Negative,,
C01466,মেয়েদের দোষ নাই।আল্লাহর ইচ্ছায় হয়েছে। সারাজীবন ঘুষ খাইছে,Verbal Abuse,YouTube,bengali,Victim-blaming,Victim-blaming,Negative,,
C00294,ছেলে মেয়েদের উচ্চ শিক্ষা না দিয়ে সু শিক্ষায় বড় করেন,Neglect,YouTube,bengali,Victim-blaming,Victim-blaming,Negative,,
C00722,মুজিবুল হকের এটিটিউড ঠিক না। হয়তো ৩১ বছরের কারনে ঘটেছে।,Abandonment,YouTube,bengali,Victim-blaming,Victim-blaming,Negative,,
C00281,"ওনি সন্তানদের আখেরাত মুখী করতে পারননি, নিজেও ধার্মিক না",Neglect,YouTube,bengali,Victim-blaming,Victim-blaming,Negative,,
C00290,বৃদ্ধাশ্রমে  যাওয়ার আগে কোরআন  ভালভাবে বুঝে পড়া উচিত,Neglect,YouTube,bengali,Victim-blaming,Victim-blaming,Negative,,
C01044,একটা ছেলেকে আলেম বানালে হয়তো সে মা বাবাকে কষ্ট দিতো না,Neglect,YouTube,bengali,Victim-blaming,Victim-blaming,Negative,,
C01085,দুনিয়ার  শিক্ষায় শিক্ষিত করলে পরিণতি এমনই হওয়ারই কথা।,Neglect,YouTube,bengali,Victim-blaming,Victim-blaming,Negative,,
C00516,আল্লাহর দিনি শিক্ষা না দিলে ছেলে মেয়েরা এমন আচরন করে।,Neglect,YouTube,bengali,Victim-blaming,Victim-blaming,Negative,,
C01178,"এইটা বাবা মার দোষ, সন্তান‌কে  সুশিক্ষিত করতে পারে নি।",Abandonment,YouTube,bengali,Victim-blaming,Victim-blaming,Negative,,
C00653,সবাই আলেম বানান সন্তানদের তাহলে মা বাবার মূল্য বুঝবে,Abandonment,YouTube,bengali,Victim-blaming,Victim-blaming,Negative,,
C00278,সন্তান কে শিক্ষিত করেছেন কিন্তু মানুষ করতে পারেন নি।,Neglect,YouTube,bengali,Victim-blaming,Victim-blaming,Negative,,
C00017,একটা ছেলেকে মৌলভী করালে আরবি শিক্ষা প্রতিষ্ঠান দিলে,Neglect,YouTube,bengali,Victim-blaming,Victim-blaming,Negative,,
C00312,ওনার ছেলে মেয়েকে উনি মানুষ নয় জানোয়ার বানিয়েছেন,Neglect,YouTube,bengali,Victim-blaming,Victim-blaming,Negative,,
C00427,Ki odvoot! Apnar takar control onner upor den keno?,Verbal Abuse,YouTube,latin,Victim-blaming,Victim-blaming,Negative,,
C00353,ছেলেদের শিক্ষিত করার দরকার কি যদি সন্তানেরা এরকম হয়,Neglect,YouTube,bengali,Victim-blaming,Victim-blaming,Negative,,
C00368,হালাল ইনকাম ছাড়া কেউ সন্তানদের প্রতিষ্ঠিত করবেন না।,Neglect,YouTube,bengali,Victim-blaming,Victim-blaming,Negative,,
C00040,শিক্ষা দিবেন দুনিয়ার আর আশা করবেন আখেরাতের তা কি হয়,Neglect,YouTube,bengali,Victim-blaming,Victim-blaming,Negative,,
C00255,এগুলো দেখে হারাম-হালালের মধ্যে পার্থক্য বুঝতে হবে।,Neglect,YouTube,bengali,Victim-blaming,Neutral-Other,Negative,,
C00355,সন্তানদের ধর্মীয় মূল্যবোধ শিক্ষা না দিলে এমনই হবে৷,Neglect,YouTube,bengali,Victim-blaming,Victim-blaming,Negative,,
C00191,ওনাদের মতো এই জাতিকে আরও ইসলামের শিক্ষা অতি জরুরি,Neglect,YouTube,bengali,Victim-blaming,Victim-blaming,Negative,,
C00239,তুমি তাদের ইসলাম শিক্ষা দেননি তাই তোমার এই অবস্থা,Neglect,YouTube,bengali,Victim-blaming,Victim-blaming,Negative,,
C00954,Ma kano chutu pulary  jomi rastri kory dilo Kano,Abandonment,YouTube,latin,Victim-blaming,Victim-blaming,Negative,,
C00955,Ai khany mayer o dus achy  sobai sudu ma ma kory,Abandonment,YouTube,latin,Victim-blaming,Victim-blaming,Negative,,
C00258,আপনাদের ছেলে মেয়েদের কে কওমি মাদ্রাসা পড়ার দরকার,Neglect,YouTube,bengali,Victim-blaming,Victim-blaming,Negative,,
C00260,সমস্যা নাই ঘুস খেয়ে ছেলে মেয়ে বড় করলে এমনি হব,Neglect,YouTube,bengali,Victim-blaming,Victim-blaming,Negative,,
C00230,এই গুলোই আল্লাহর বিচার দেখেই মনে হচ্ছে শাহাবাগি,Neglect,YouTube,bengali,Victim-blaming,Victim-blaming,Negative,,
C00188,সন্তান কে দ্বীন শিক্ষা দিলে আজ এ অবস্থা হতো না।,Neglect,YouTube,bengali,Victim-blaming,Victim-blaming,Negative,,
C00045,কওমী মাদ্রাসায় না পড়া‌লে এমন অবস্থায় পড়‌তে হ‌বে,Neglect,YouTube,bengali,Victim-blaming,Victim-blaming,Negative,,
C00321,উনিও হয়তো তার বাবা-মাকে এভাবেই ভুলে গিয়েছিলেন!,Neglect,YouTube,bengali,Victim-blaming,Victim-blaming,Negative,,
C00256,শাহাবাগী পরিবার মনে সুখ নেই। আললাহ কি করে দেখ,Neglect,YouTube,bengali,Victim-blaming,Victim-blaming,Negative,,
C00345,ছেলে মেয়েকে পারিবারিক শিক্ষা না দিলে যা হয়।,Neglect,YouTube,bengali,Victim-blaming,Victim-blaming,Negative,,
C00246,যতই শিক্ষিত করুন এলমে দিনের শিক্ষায় কমতি আছে,Neglect,YouTube,bengali,Victim-blaming,Victim-blaming,Negative,,
C01169,"সব বাবা, বাবাই হয় আর কিছু বাবা জানোয়ার ও হয়",Abandonment,YouTube,bengali,Victim-blaming,Victim-blaming,Negative,,
C00092,"Where you get money ,Gus takay not comfort.",Neglect,YouTube,latin,Victim-blaming,Victim-blaming,Negative,,
C00201,নাদিরা হয়তো কাউকে ঠকিয়েছে তাই তার এ অবস্থা,Neglect,YouTube,bengali,Victim-blaming,Victim-blaming,Negative,,
C01146,উত্তম মা না হলে উত্তম সন্তান হওয়া সম্ভব না,Abandonment,YouTube,bengali,Victim-blaming,Victim-blaming,Negative,,
C01462,শিক্ষক নিজের সন্তানকে মানুষ করতে পারেনি। 😢,Verbal Abuse,YouTube,bengali,Victim-blaming,Victim-blaming,Negative,,
C00341,He didn't give them religious education .,Neglect,YouTube,latin,Victim-blaming,Victim-blaming,Negative,,
C01059,সন্তানদের মানুষ না বানিয়ে পশু বানিয়েছেন?,Neglect,YouTube,bengali,Victim-blaming,Victim-blaming,Negative,,
C00364,ধর্মীয় শিক্ষা না থাকায় আজকের সমাজের কলংক,Neglect,YouTube,bengali,Victim-blaming,Victim-blaming,Negative,,
C00291,নিশ্চয়ই এরাও বাপ মার সঙ্গে এরকমই করেছিল,Neglect,YouTube,bengali,Victim-blaming,Victim-blaming,Negative,,
C00342,ধর্মীয় শিক্ষা দেন নাই এটা আপনার ব্যর্থতা,Neglect,YouTube,bengali,Victim-blaming,Victim-blaming,Negative,,
C00029,হারাম টাকায় ছেলে মানুষ করলে ফল এমন হয়।,Neglect,YouTube,bengali,Victim-blaming,Victim-blaming,Negative,,
C00214,তাদের এই পরিনতির জন্য তারা নিজেরাই দায়ী,Neglect,YouTube,bengali,Victim-blaming,Victim-blaming,Negative,,
C00259,শিক্ষিত বানানোর আগে মানুষ বানানোর জরুরী,Neglect,YouTube,bengali,Victim-blaming,Neutral-Other,Negative,,
C00394,চাষা ভুষার বাবা কোন বৃদ্ধাশ্রম থাকে না?,Verbal Abuse,YouTube,bengali,Victim-blaming,Victim-blaming,Negative,,
C00037,ছেলেমেয়েকে ধর্মীয় শিক্ষা না দিলে যা হয়।,Neglect,YouTube,bengali,Victim-blaming,Victim-blaming,Negative,,
C00700,কোনো গরিবের বাবা মা থাকে না বৃদ্ধাশ্রমে,Abandonment,YouTube,bengali,Victim-blaming,Neutral-Other,Negative,,"Lamia audit: condemns abuser/3rd party, not victim"
C00657,হালাল  খাওয়া খাওলে  সন্তানরা এরকম হতোনা,Abandonment,YouTube,bengali,Victim-blaming,Victim-blaming,Negative,,
C01593,এই জন্য দ্বীনি শিক্ষার কোন বিকল্প নেই।,Neglect,YouTube,bengali,Victim-blaming,Victim-blaming,Negative,,
C01621,chele shikkhito korsen manush banannai,Neglect,YouTube,latin,Victim-blaming,Victim-blaming,Negative,,
C00228,ধর্মের শিক্ষা ছাড়া সব শিক্ষাই মূল্যহীন,Neglect,YouTube,bengali,Victim-blaming,Neutral-Other,Negative,,"Lamia audit: condemns abuser/3rd party, not victim"
C00288,বেশির ভাগ সিক্ষিত পেমেলিতে এই গোলা গটে,Neglect,YouTube,bengali,Victim-blaming,Victim-blaming,Negative,,
C01217,ইংলিশ মিডিয়ামের স্টুডেন্ট রা এমনই হয়!,Abandonment,YouTube,bengali,Victim-blaming,Victim-blaming,Negative,,
C00244,তোমার সময় যখন ছিল তখন তুমি দান করোনি,Neglect,YouTube,bengali,Victim-blaming,Victim-blaming,Negative,,
C00340,সন্তানদের অমানুষ বানালে এমন তো হবেই।,Neglect,YouTube,bengali,Victim-blaming,Victim-blaming,Negative,,
C00903,ধর্ম কর্ম না শেখালে এমনটা হতেই পারে?,Physical Abuse,YouTube,bengali,Victim-blaming,Victim-blaming,Negative,,
C00297,যুবক বয়সে দুর্নীতি করছে তার পাপের ফল,Neglect,YouTube,bengali,Victim-blaming,Victim-blaming,Negative,,
C00233,Akon bojok ai mohila ki korse jibone,Neglect,YouTube,latin,Victim-blaming,Victim-blaming,Negative,,
C01116,Pagoli mayer mukher golpo .khansama.,Neglect,YouTube,latin,Victim-blaming,Victim-blaming,Negative,,
C00053,আপনি মনে হচ্ছে অবৈধ টাকা আয় করেছেন!,Neglect,YouTube,bengali,Victim-blaming,Victim-blaming,Negative,,
C00660,"আমি বিশ্বাস করি, যেমন কর্ম তেমন ফল।",Abandonment,YouTube,bengali,Victim-blaming,Victim-blaming,Negative,,
C00192,অতি পরালেখা করা মানুষ অনেক খারাপ হয়,Neglect,YouTube,bengali,Victim-blaming,Victim-blaming,Negative,,
C00346,মুখ বলে এক কথা আর চোখ বলে অন্য কথা,Neglect,YouTube,bengali,Victim-blaming,Victim-blaming,Negative,,
C01428,এই জন্যই মেয়েদের বেশি পড়াতে হয়না।,Verbal Abuse,YouTube,bengali,Victim-blaming,Neutral-Other,Negative,,"Lamia audit: condemns abuser/3rd party, not victim"
C00432,"ইসলামী জ্ঞান,কুরআনের জ্ঞান দরকার,",Verbal Abuse,YouTube,bengali,Victim-blaming,Neutral-Other,Negative,,
C01115,Briddho boyoshe mitthe kotha bole,Neglect,YouTube,latin,Victim-blaming,Victim-blaming,Negative,,
C01650,বেশি শিক্ষায় শিক্ষিত হলে যা হয়,Neglect,Facebook,bengali,Victim-blaming,Victim-blaming,Negative,,
C00685,তুমি সু সন্তান জন্ম দিতে পারোনি,Abandonment,YouTube,bengali,Victim-blaming,Victim-blaming,Negative,,
C01546,Ei babar confirm dosh ase......,Abandonment,YouTube,latin,Victim-blaming,Victim-blaming,Negative,,
C01385,বৃক্ষ তোমার নাম কি ফলেই পরিচয়।,Neglect,YouTube,bengali,Victim-blaming,Victim-blaming,Negative,,
C00186,Basi smart bania aj ay porinoty,Neglect,YouTube,latin,Victim-blaming,Victim-blaming,Negative,,
C00179,"তুমি যেমন তোমার মেয়েরাও তেমন,,",Neglect,YouTube,bengali,Victim-blaming,Victim-blaming,Negative,,
C01088,ধর্ম কর্ম না শিখাইলে  এম হবে।,Neglect,YouTube,bengali,Victim-blaming,Victim-blaming,Negative,,
C00184,হারাম পয়সার ফল ভোগ করো তোমরা,Neglect,YouTube,bengali,Victim-blaming,Victim-blaming,Negative,,
C01177,ইসলামের শিক্ষা না থাকায় কস্ট,Abandonment,YouTube,bengali,Victim-blaming,Victim-blaming,Negative,,
C01597,দ্বিনী শিক্ষা না দিলে যা হয়,Neglect,YouTube,bengali,Victim-blaming,Victim-blaming,Negative,,
C00093,Durnitir taka kha.buj moja.,Neglect,YouTube,latin,Victim-blaming,Victim-blaming,Negative,,
C00225,বেশি মিক্ষিত হলে যা হয় আরকি,Neglect,YouTube,bengali,Victim-blaming,Victim-blaming,Negative,,
C00234,এরা সমাজ সেবক না সমাজের বিষ,Neglect,YouTube,bengali,Victim-blaming,Anger/Condemnation,Negative,,"Lamia audit: condemns abuser/3rd party, not victim"
C00189,বেশী সিক্ষিতো তাই এই অবস্তা,Neglect,YouTube,bengali,Victim-blaming,Victim-blaming,Negative,,
C00651,সুদি তোদের  শিক্ষিত সমাজ কে,Abandonment,YouTube,bengali,Victim-blaming,Victim-blaming,Negative,,
C00021,কোন আলেমের বাবা এখানে নেই,Neglect,YouTube,bengali,Victim-blaming,Victim-blaming,Negative,,
C00350,আল্লাহ নিয়ে ভাবেন না তিনি,Neglect,YouTube,bengali,Victim-blaming,Victim-blaming,Negative,,
C00003,ধর্মীয় শিক্ষার অভাব ছিল।,Neglect,YouTube,bengali,Victim-blaming,Victim-blaming,Negative,,
C00272,বেশি শিক্ষিত হওয়ার ফল!!,Neglect,YouTube,bengali,Victim-blaming,Victim-blaming,Negative,,
C00310,ধর্মীয় শিক্ষা দিতে হবে,Neglect,YouTube,bengali,Victim-blaming,Neutral-Other,Negative,,
C00296,ও নি হালাল রুজি করে নাই,Neglect,YouTube,bengali,Victim-blaming,Victim-blaming,Negative,,
C00658,Kormofol kharaf chhilo,Abandonment,YouTube,latin,Victim-blaming,Victim-blaming,Negative,,
C00672,ইসলাম ছাড়া শিক্ষার ফল,Abandonment,YouTube,bengali,Victim-blaming,Victim-blaming,Negative,,
C00216,Tomar jonno ai durkar,Neglect,YouTube,latin,Victim-blaming,Victim-blaming,Negative,,
C00435,চাচার ও প্রবলেম আছে।,Verbal Abuse,YouTube,bengali,Victim-blaming,Victim-blaming,Negative,,
C01525,Tader o kiso dus ase,Abandonment,YouTube,latin,Victim-blaming,Victim-blaming,Negative,,
C00267,যেমন শিক্ষা তেমন ফল,Neglect,YouTube,bengali,Victim-blaming,Victim-blaming,Negative,,
C00318,অমানুষ বানালে যা হয়,Neglect,YouTube,bengali,Victim-blaming,Victim-blaming,Negative,,
C00449,নিশ্চয় বদ্মাস ছিলো,Verbal Abuse,YouTube,bengali,Victim-blaming,Victim-blaming,Negative,,
C00411,হায়রে শিক্ষিত সমাজ,Verbal Abuse,YouTube,bengali,Victim-blaming,Victim-blaming,Negative,,
C00057,যেমন কর্ম তেমন ফল,Neglect,YouTube,bengali,Victim-blaming,Victim-blaming,Negative,,
C01606,স্যার এর কমের ফল,Neglect,YouTube,bengali,Victim-blaming,Victim-blaming,Negative,,
C01598,উনি ব্যর্থ পিতা,Neglect,YouTube,bengali,Victim-blaming,Victim-blaming,Negative,,
C00351,সব মিথ্যা কথা,Neglect,YouTube,bengali,Victim-blaming,Victim-blaming,Negative,,
